country,year,co2,co2_growth_prct,co2_per_capita,cumulative_co2,coal_co2,cement_co2,flaring_co2,gas_co2,oil_co2,other_industry_co2,cement_co2_per_capita,coal_co2_per_capita,flaring_co2_per_capita,gas_co2_per_capita,oil_co2_per_capita,other_co2_per_capita,trade_co2_share,population
Afghanistan,1975,2.121,10.88,0.167,21.287,0.399,0.069,0.304,0.476,0.874,0,0.006,0.031,0.024,0.038,0.069,0,0,12689164
Afghanistan,1976,1.981,-6.62,0.153,23.267,0.425,0.079,0.293,0.3,0.883,0,0.006,0.033,0.023,0.023,0.068,0,0,12943093
Afghanistan,1977,2.384,20.36,0.181,25.652,0.451,0.065,0.381,0.513,0.975,0,0.005,0.034,0.029,0.039,0.074,0,0,13171294
Afghanistan,1978,2.153,-9.68,0.161,27.805,0.576,0.058,0.283,0.301,0.936,0,0.004,0.043,0.021,0.023,0.07,0,0,13341199
Afghanistan,1979,2.233,3.69,0.166,30.038,0.352,0.064,0.267,0.385,1.165,0,0.005,0.026,0.02,0.029,0.087,0,0,13411060
Afghanistan,1980,1.756,-21.34,0.132,31.794,0.316,0.023,0.305,0.187,0.925,0,0.002,0.024,0.023,0.014,0.069,0,0,13356500
Afghanistan,1981,1.978,12.65,0.15,33.772,0.333,0.033,0.293,0.304,1.015,0,0.002,0.025,0.022,0.023,0.077,0,0,13171679
Afghanistan,1982,2.095,5.87,0.163,35.867,0.385,0.039,0.282,0.396,0.993,0,0.003,0.03,0.022,0.031,0.077,0,0,12882518
Afghanistan,1983,2.52,20.31,0.201,38.387,0.385,0.006,0.293,0.616,1.22,0,0,0.031,0.023,0.049,0.097,0,0,12537732
Afghanistan,1984,2.822,11.97,0.231,41.209,0.393,0.048,0.316,0.932,1.134,0,0.004,0.032,0.026,0.076,0.093,0,0,12204306
Afghanistan,1985,3.501,24.1,0.293,44.71,0.4,0.032,0.33,1.192,1.548,0,0.003,0.034,0.028,0.1,0.13,0,0,11938204
Afghanistan,1986,3.134,-10.5,0.267,47.844,0.425,0.038,0.33,1.202,1.14,0,0.003,0.036,0.028,0.102,0.097,0,0,11736177
Afghanistan,1987,3.114,-0.63,0.268,50.957,0.443,0.043,0.223,0.392,2.013,0,0.004,0.038,0.019,0.034,0.174,0,0,11604538
Afghanistan,1988,2.857,-8.25,0.246,53.814,0.366,0.043,0.187,0.44,1.821,0,0.004,0.032,0.016,0.038,0.157,0,0,11618008
Afghanistan,1989,2.765,-3.22,0.233,56.579,0.337,0.043,0.04,0.48,1.865,0,0.004,0.028,0.003,0.04,0.157,0,0,11868873
Afghanistan,1990,2.603,-5.85,0.21,59.182,0.278,0.046,0.026,0.403,1.85,0,0.004,0.022,0.002,0.032,0.149,0,0,12412311
Afghanistan,1991,2.427,-6.76,0.182,61.61,0.249,0.046,0.026,0.388,1.718,0,0.003,0.019,0.002,0.029,0.129,0,0,13299016
Afghanistan,1992,1.379,-43.17,0.095,62.989,0.022,0.046,0.022,0.363,0.927,0,0.003,0.002,0.002,0.025,0.064,0,0,14485543
Afghanistan,1993,1.333,-3.36,0.084,64.322,0.018,0.047,0.022,0.352,0.894,0,0.003,0.001,0.001,0.022,0.056,0,0,15816601
Afghanistan,1994,1.282,-3.86,0.075,65.604,0.015,0.047,0.022,0.338,0.86,0,0.003,0.001,0.001,0.02,0.05,0,0,17075728
Afghanistan,1995,1.23,-3.99,0.068,66.834,0.015,0.047,0.022,0.322,0.824,0,0.003,0.001,0.001,0.018,0.046,0,0,18110662
Afghanistan,1996,1.165,-5.33,0.062,67.999,0.007,0.047,0.022,0.308,0.78,0,0.002,0,0.001,0.016,0.041,0,0,18853444
Afghanistan,1997,1.084,-6.94,0.056,69.083,0.004,0.047,0.022,0.283,0.728,0,0.002,0,0.001,0.015,0.038,0,0,19357126
Afghanistan,1998,1.029,-5.07,0.052,70.113,0.004,0.047,0.022,0.265,0.691,0,0.002,0,0.001,0.013,0.035,0,0,19737770
Afghanistan,1999,0.81,-21.34,0.04,70.922,0.004,0.047,0.022,0.242,0.495,0,0.002,0,0.001,0.012,0.024,0,0,20170847
Afghanistan,2000,0.758,-6.4,0.036,71.68,0.004,0.01,0.022,0.224,0.498,0,0,0,0.001,0.011,0.024,0,0,20779957
Afghanistan,2001,0.798,5.32,0.037,72.478,0.07,0.007,0.022,0.209,0.491,0,0,0.003,0.001,0.01,0.023,0,0,21606992
Afghanistan,2002,1.052,31.79,0.046,73.529,0.055,0.011,0,0.546,0.44,0,0,0.002,0,0.024,0.02,0,0,22600774
Afghanistan,2003,1.186,12.77,0.05,74.715,0.092,0.01,0,0.465,0.619,0,0,0.004,0,0.02,0.026,0,0,23680871
Afghanistan,2004,0.889,-25.02,0.036,75.604,0.092,0.01,0,0.227,0.561,0,0,0.004,0,0.009,0.023,0,0,24726689
Afghanistan,2005,1.303,46.57,0.051,76.908,0.106,0.006,0,0.33,0.861,0,0,0.004,0,0.013,0.034,0,0,25654274
Afghanistan,2006,1.635,25.48,0.062,78.543,0.161,0.012,0,0.329,1.133,0,0,0.006,0,0.012,0.043,0,0,26433058
Afghanistan,2007,2.269,38.72,0.084,80.812,0.749,0.012,0,0.308,1.2,0,0,0.028,0,0.011,0.044,0,0,27100542
Afghanistan,2008,4.2,85.12,0.152,85.011,1.077,0.015,0,0.297,2.81,0,0,0.039,0,0.011,0.101,0,0,27722281
Afghanistan,2009,6.74,60.49,0.237,91.751,1.513,0.013,0,0.271,4.943,0,0,0.053,0,0.01,0.174,0,0,28394806
Afghanistan,2010,8.398,24.6,0.288,100.149,2.246,0.015,0,0.271,5.866,0,0,0.077,0,0.009,0.201,0,0,29185511
Afghanistan,2011,12.106,44.15,0.402,112.255,4.181,0.015,0,0.308,7.603,0,0,0.139,0,0.01,0.252,0,0,30117411
Afghanistan,2012,10.219,-15.59,0.328,122.473,3.125,0.029,0,0.308,6.756,0,0.001,0.1,0,0.01,0.217,0,0,31161378
Afghanistan,2013,8.441,-17.4,0.262,130.914,3.327,0.036,0,0.297,4.782,0,0.001,0.103,0,0.009,0.148,0,0,32269592
Afghanistan,2014,7.774,-7.9,0.233,138.688,3.704,0.029,0,0.271,3.77,0,0.001,0.111,0,0.008,0.113,0,0,33370803
Afghanistan,2015,7.904,1.67,0.23,146.593,2.843,0.041,0,0.282,4.738,0,0.001,0.083,0,0.008,0.138,0,0,34413603
Afghanistan,2016,6.745,-14.67,0.191,153.337,2.878,0.076,0,0.319,3.472,0,0.002,0.081,0,0.009,0.098,0,0,35383028
Afghanistan,2017,6.86,1.71,0.189,160.197,3.448,0.045,0,0.3,3.067,0,0.001,0.095,0,0.008,0.084,0,0,36296111
Afghanistan,2018,8.345,21.65,0.224,168.542,3.849,0.057,0,0.293,4.146,0,0.002,0.104,0,0.008,0.112,0,0,37171922
Afghanistan,2019,12.147,45.56,0.319,180.688,7.531,0.038,0,0.306,4.272,0,0.001,0.198,0,0.008,0.112,0,0,38041757
Afghanistan,2020,12.16,0.11,0.312,192.849,7.508,0.061,0,0.314,4.277,0,0.002,0.193,0,0.008,0.11,0,0,38928341
Africa,1975,387.839,-0.27,0.944,7075.852,162.187,10.938,64.309,6.422,143.982,0,0.027,0.395,0.156,0.016,0.35,0,0,414674675
Africa,1976,420.868,8.52,0.997,7496.72,171.906,11.198,77.8,8.885,151.079,0,0.026,0.407,0.184,0.021,0.358,0,0,426144455
Africa,1977,433.857,3.09,1,7930.577,176.693,11.93,71.549,13.669,160.015,0,0.028,0.407,0.165,0.032,0.369,0,0,438054806
Africa,1978,463.282,6.78,1.038,8393.859,178.676,12.591,71.706,34.434,165.874,0,0.028,0.4,0.161,0.077,0.372,0,0,450403896
Africa,1979,500.009,7.93,1.089,8893.867,197.363,13.488,87.719,19.657,181.782,0,0.029,0.43,0.191,0.043,0.396,0,0,463183559
Africa,1980,536.51,7.3,1.137,9430.377,212.398,14.691,76.248,34.632,198.541,0,0.031,0.45,0.162,0.073,0.421,0,0,476386225
Africa,1981,549.389,2.4,1.132,9979.766,237.34,15.963,52.539,29.401,214.146,0,0.033,0.489,0.108,0.061,0.441,0,0,490003904
Africa,1982,572.603,4.23,1.146,10552.369,250.232,17.035,44.95,23.985,236.401,0,0.034,0.501,0.09,0.048,0.473,0,0,504034176
Africa,1983,595.441,3.99,1.159,11147.81,260.943,18.71,41.279,30.431,244.078,0,0.036,0.508,0.08,0.059,0.475,0,0,518479759
Africa,1984,650.285,9.21,1.23,11798.096,286.063,19.426,45.564,47.57,251.663,0,0.037,0.541,0.086,0.09,0.476,0,0,533345151
Africa,1985,666.684,2.52,1.226,12464.78,294.697,19.124,51.4,48.848,252.614,0,0.035,0.542,0.094,0.09,0.465,0,0,548626140
Africa,1986,690.7,3.6,1.235,13155.479,305.787,18.342,53.018,58.357,255.195,0,0.033,0.547,0.095,0.104,0.456,0,0,564327298
Africa,1987,690.794,0.01,1.201,13846.274,312.518,19.937,44.862,67.872,245.605,0,0.035,0.543,0.078,0.118,0.427,0,0,580424290
Africa,1988,726.048,5.1,1.228,14572.322,322.719,21.575,49.233,68.952,263.569,0,0.036,0.546,0.083,0.117,0.446,0,0,596849006
Africa,1989,699.221,-3.69,1.15,15271.543,313.482,22.543,22.048,71.403,269.746,0,0.037,0.516,0.036,0.118,0.444,0,0,613512108
Africa,1990,659.295,-5.71,1.052,15930.837,295.76,22.801,20.795,75.954,243.984,0,0.036,0.472,0.033,0.121,0.39,0,-31,630349685
Africa,1991,689.026,4.51,1.068,16619.863,306.508,24.426,20.799,78.466,258.828,0,0.038,0.475,0.032,0.122,0.401,0,-31,647344041
Africa,1992,668.677,-2.95,1.01,17288.54,288.587,24.904,23.351,74.273,257.562,0,0.038,0.436,0.035,0.112,0.389,0,-27,664512034
Africa,1993,708.858,6.01,1.043,17997.398,318.855,24.609,21.79,81.722,261.882,0,0.036,0.469,0.032,0.12,0.386,0,-29,681869333
Africa,1994,719.623,1.52,1.029,18717.021,330.702,25.111,21.797,85.588,256.425,0,0.036,0.473,0.031,0.122,0.367,0,-30,699445412
Africa,1995,771.994,7.28,1.077,19489.015,346.864,27.083,24.097,101.557,272.393,0,0.038,0.484,0.034,0.142,0.38,0,-32,717270112
Africa,1996,783.254,1.46,1.066,20272.269,353.13,27.681,23.787,108.019,270.637,0,0.038,0.48,0.032,0.147,0.368,0,-33,735361106
Africa,1997,812.903,3.79,1.079,21085.173,360.837,28.35,23.394,95.205,305.117,0,0.038,0.479,0.031,0.126,0.405,0,-31,753737584
Africa,1998,838.022,3.09,1.085,21923.195,355.514,29.203,22.961,112.712,317.632,0,0.038,0.46,0.03,0.146,0.411,0,-32,772437161
Africa,1999,830.397,-0.91,1.05,22753.592,366.523,30.311,23.569,114.377,295.618,0,0.038,0.463,0.03,0.145,0.374,0,-28,791504165
Africa,2000,886.562,6.76,1.094,23640.154,370.247,31.51,55.282,114.35,315.173,0,0.039,0.457,0.068,0.141,0.389,0,-30,810984230
Africa,2001,884.168,-0.27,1.064,24524.322,371.98,32.908,58.049,120.126,301.105,0,0.04,0.448,0.07,0.145,0.362,0,-31,830902539
Africa,2002,892.575,0.95,1.049,25416.897,361.119,35.231,71.508,134.359,290.358,0,0.041,0.424,0.084,0.158,0.341,0,-33,851298437
Africa,2003,967.22,8.36,1.109,26384.116,390.893,35.508,66.519,145.785,328.515,0,0.041,0.448,0.076,0.167,0.377,0,-31,872248336
Africa,2004,1036.686,7.18,1.16,27420.802,417.515,38.17,76.777,152.691,351.532,0,0.043,0.467,0.086,0.171,0.394,0,-31,893842786
Africa,2005,1057.342,1.99,1.155,28478.144,412.792,41.9,75.649,183.64,343.361,0,0.046,0.451,0.083,0.2,0.375,0,-30,916154285
Africa,2006,1090.195,3.11,1.161,29568.339,419.148,45.788,73.553,179.347,372.359,0,0.049,0.446,0.078,0.191,0.397,0,-30,939210049
Africa,2007,1132.293,3.86,1.176,30700.632,430.406,48.967,76.349,192.326,384.245,0,0.051,0.447,0.079,0.2,0.399,0,-29,963021837
Africa,2008,1181.391,4.34,1.197,31882.023,454.72,51.222,72.03,195.084,408.335,0,0.052,0.461,0.073,0.198,0.414,0,-29,987623519
Africa,2009,1191.035,0.82,1.176,33073.058,443.29,57.625,60.76,191.718,437.642,0,0.057,0.438,0.06,0.189,0.432,0,-28,1013045724
Africa,2010,1218.023,2.27,1.172,34291.081,441.757,59.085,64.329,201.912,450.94,0,0.057,0.425,0.062,0.194,0.434,0,-29,1039304030
Africa,2011,1258.709,3.34,1.181,35549.79,432.931,58.875,58.086,221.731,487.086,0,0.055,0.406,0.054,0.208,0.457,0,-29,1066409711
Africa,2012,1253.144,-0.44,1.146,36802.935,429.56,63.528,59.397,234.038,466.622,0,0.058,0.393,0.054,0.214,0.427,0,-28,1094343029
Africa,2013,1260.316,0.57,1.123,38063.251,427.34,65.929,56.979,236.615,473.454,0,0.059,0.381,0.051,0.211,0.422,0,-24,1123045137
Africa,2014,1363.5,8.19,1.184,39426.751,455.167,69.852,57.121,246.717,534.641,0,0.061,0.395,0.05,0.214,0.464,0,-26,1152433617
Africa,2015,1322.735,-2.99,1.119,40749.486,428.573,73.106,54.317,253.844,512.896,0,0.062,0.363,0.046,0.215,0.434,0,-25,1182438803
Africa,2016,1356.719,2.57,1.119,42106.205,434.484,77.335,47.603,266.183,531.115,0,0.064,0.358,0.039,0.22,0.438,0,-25,1213040542
Africa,2017,1384.372,2.04,1.113,43490.577,439.67,76.797,49.472,284.093,534.341,0,0.062,0.354,0.04,0.228,0.43,0,-26,1244222269
Africa,2018,1385.645,0.09,1.086,44876.222,450.509,79.893,44.458,288.797,521.988,0,0.063,0.353,0.035,0.226,0.409,0,-26,1275921014
Africa,2019,1408.479,1.65,1.077,46284.701,464.561,78.56,44.459,291.682,529.216,0,0.06,0.355,0.034,0.223,0.405,0,-27,1308064176
Africa,2020,1326.044,-5.85,0.99,47610.745,446.097,77.025,44.459,287.016,471.446,0,0.058,0.333,0.033,0.214,0.352,0,0,1340598111
"Asia ",1975,2163.349,-0.36,2.547,33923.729,551.128,73.077,188.911,147.836,1202.397,0,0.086,0.649,0.222,0.174,1.416,0,0,0
"Asia ",1976,2334.708,7.92,2.689,36258.437,558.086,78.401,226.632,159.405,1312.184,0,0.09,0.643,0.261,0.184,1.511,0,0,0
"Asia ",1977,2450.916,4.98,2.762,38709.353,567.752,84.358,221.617,167.978,1409.21,0,0.095,0.64,0.25,0.189,1.588,0,0,0
"Asia ",1978,2476.078,1.03,2.73,41185.431,529.69,95.925,222.391,183.551,1444.522,0,0.106,0.584,0.245,0.202,1.593,0,0,0
"Asia ",1979,2603.737,5.16,2.808,43789.167,566.598,96.493,188.393,212.304,1539.948,0,0.104,0.611,0.203,0.229,1.661,0,0,0
"Asia ",1980,2614.417,0.41,2.759,46403.584,618.954,98.068,163.771,248.904,1484.72,0,0.104,0.653,0.173,0.263,1.567,0,0,0
"Asia ",1981,2582.706,-1.21,2.665,48986.289,642.997,100.466,109.978,272.853,1456.412,0,0.104,0.664,0.114,0.282,1.503,0,0,0
"Asia ",1982,2591.944,0.36,2.616,51578.234,659.338,101.365,110.41,256.979,1463.852,0,0.102,0.666,0.111,0.259,1.478,0,0,0
"Asia ",1983,2659.64,2.61,2.626,54237.873,675.376,105.104,96.355,262.13,1520.676,0,0.104,0.667,0.095,0.259,1.501,0,0,0
"Asia ",1984,2773.953,4.3,2.679,57011.827,744.072,107.116,65.07,343.925,1513.771,0,0.103,0.719,0.063,0.332,1.462,0,0,0
"Asia ",1985,2876.255,3.69,2.718,59888.082,819.141,106.017,57.839,383.423,1509.834,0,0.1,0.774,0.055,0.362,1.427,0,0,0
"Asia ",1986,2967.841,3.18,2.746,62855.923,847.522,108.384,51.431,413.618,1546.886,0,0.1,0.784,0.048,0.383,1.431,0,0,0
"Asia ",1987,3021.996,1.82,2.738,65877.919,876.156,113.255,48.765,452.436,1531.384,0,0.103,0.794,0.044,0.41,1.388,0,0,0
"Asia ",1988,3286.993,8.77,2.918,69164.912,953.976,121.716,52.17,483.24,1675.892,0,0.108,0.847,0.046,0.429,1.488,0,0,0
"Asia ",1989,3416.694,3.95,2.972,72581.606,956.744,129.739,46.26,520.049,1763.902,0,0.113,0.832,0.04,0.452,1.534,0,0,0
"Asia ",1990,3562.465,4.27,3.033,76144.071,912.623,135.96,69.875,597.772,1824.172,22,0.116,0.777,0.06,0.509,1.553,0,3,0
"Asia ",1991,3734.326,4.82,3.119,79878.397,928.758,141.888,64.415,644.517,1933.065,22,0.118,0.776,0.054,0.538,1.615,0,0,0
"Asia ",1992,3882.765,3.97,3.183,83761.162,905.654,151.658,65.179,688.935,2050.94,20,0.124,0.742,0.053,0.565,1.681,0,4,0
"Asia ",1993,4000.948,3.04,3.22,87762.11,901.523,160.029,62.21,741.956,2114.111,21,0.129,0.726,0.05,0.597,1.702,0,2,0
"Asia ",1994,4114.375,2.83,3.253,91876.485,884.183,167.69,65.402,784.876,2191.671,21,0.133,0.699,0.052,0.621,1.733,0,2,0
"Asia ",1995,4131.579,0.42,3.211,96008.064,894.965,174.538,59.62,782.277,2199.613,21,0.136,0.696,0.046,0.608,1.71,0,4,0
"Asia ",1996,4249.948,2.86,3.249,100258.012,935.088,180.173,60.826,821.978,2231.617,20,0.138,0.715,0.046,0.628,1.706,0,2,0
"Asia ",1997,4321.183,1.68,3.25,104579.195,965.156,178.135,64.309,867.633,2224.315,22,0.134,0.726,0.048,0.653,1.673,0,2,0
"Asia ",1998,4183.28,-3.19,3.098,108762.474,946.363,157.687,63.006,859.917,2136.096,20,0.117,0.701,0.047,0.637,1.582,0,-4,0
"Asia ",1999,4376.228,4.61,3.191,113138.702,972.954,162.055,62.129,942.438,2216.208,20,0.118,0.71,0.045,0.687,1.616,0,-4,0
"Asia ",2000,4672.984,6.78,3.356,117811.686,1099.934,169.687,63.624,969.618,2349.233,21,0.122,0.79,0.046,0.696,1.687,0,-3,0
"Asia ",2001,4751.678,1.68,3.362,122563.364,1138.224,175.6,68.652,1003.652,2345.49,20,0.124,0.805,0.049,0.71,1.66,0,-6,0
"Asia ",2002,4883.912,2.78,3.403,127447.276,1191.178,184.776,62.125,1081.846,2343.535,20,0.129,0.83,0.043,0.754,1.633,0,-5,0
"Asia ",2003,5111.48,4.66,3.51,132558.756,1284.272,188.492,69.374,1161.396,2386.403,22,0.129,0.882,0.048,0.798,1.639,0,-2,0
"Asia ",2004,5332.275,4.32,3.609,137891.031,1332.341,194.788,78.316,1248.04,2456.587,22,0.132,0.902,0.053,0.845,1.663,0,-3,0
"Asia ",2005,5459.71,2.39,3.643,143350.741,1380.397,199.569,88.429,1317.614,2449.348,24,0.133,0.921,0.059,0.879,1.634,0,-1,0
"Asia ",2006,5614.579,2.84,3.694,148965.32,1438.42,206.057,98.502,1421.255,2424.47,26,0.136,0.946,0.065,0.935,1.595,0,1,0
"Asia ",2007,5744.144,2.31,3.728,154709.464,1537.325,218.891,91.091,1475.962,2394.571,26,0.142,0.998,0.059,0.958,1.554,0,1,0
"Asia ",2008,5851.564,1.87,3.746,160561.029,1537.287,231.179,95.382,1559.883,2402.57,25,0.148,0.984,0.061,0.998,1.538,0,2,0
"Asia ",2009,5912.95,1.05,3.734,166473.979,1535.122,233.766,110.266,1563.821,2448.419,22,0.148,0.969,0.07,0.987,1.546,0,-3,0
"Asia ",2010,6236.41,5.47,3.885,172710.389,1662.802,243.17,109.157,1685.228,2512.053,24,0.152,1.036,0.068,1.05,1.565,0,-1,0
"Asia ",2011,6437.946,3.23,3.956,179148.335,1730.882,257.474,103.737,1816.059,2503.532,26,0.158,1.064,0.064,1.116,1.538,0,-1,0
"Asia ",2012,6717.092,4.34,4.073,185865.427,1786.617,268.756,105.94,1872.651,2656.162,27,0.163,1.083,0.064,1.135,1.61,0,-1,0
"Asia ",2013,6724.654,0.11,4.023,192590.081,1793.871,286.308,109.87,1878.932,2625.161,31,0.171,1.073,0.066,1.124,1.571,0,0,0
"Asia ",2014,6847.363,1.82,4.043,199437.444,1846.247,292.123,116.749,2016.951,2545.06,30,0.172,1.09,0.069,1.191,1.503,0,-1,0
"Asia ",2015,7018.923,2.51,4.092,206456.367,1892.47,291.088,102.885,2088.714,2613.144,31,0.17,1.103,0.06,1.218,1.523,0,-1,0
"Asia ",2016,7115.499,1.38,4.097,213571.866,1902.772,310.034,128.481,2143.455,2601.245,30,0.178,1.096,0.074,1.234,1.498,0,-2,0
"Asia ",2017,7299.198,2.58,4.152,220871.064,1995.345,316.187,161.569,2179.177,2617.065,30,0.18,1.135,0.092,1.24,1.488,0,-3,0
"Asia ",2018,7364.575,0.9,4.139,228235.639,2068.66,330.959,141.982,2237.142,2556.357,29,0.186,1.163,0.08,1.257,1.437,0,-3,0
"Asia ",2019,7492.636,1.74,4.163,235728.275,2209.855,325.888,139.909,2239.043,2549.129,29,0.181,1.228,0.078,1.244,1.416,0,-3,0
"Asia ",2020,7207.379,-3.81,3.959,242935.653,2130.503,334.056,139.909,2222.049,2352.049,29,0.184,1.17,0.077,1.221,1.292,0,0,0
Australia,1975,175.717,2.05,12.758,4072.365,86.943,2.476,0,8.369,77.93,0,0.18,6.312,0,0.608,5.658,0,0,13773290
Australia,1976,174.078,-0.93,12.492,4246.443,88.87,2.497,0,9.259,73.452,0,0.179,6.377,0,0.664,5.271,0,0,13935722
Australia,1977,187.609,7.77,13.313,4434.052,96.182,2.478,0,11.051,77.898,0,0.176,6.825,0,0.784,5.528,0,0,14092545
Australia,1978,201.825,7.58,14.164,4635.877,104.08,2.463,0,13.802,81.48,0,0.173,7.304,0,0.969,5.718,0,0,14249403
Australia,1979,204.875,1.51,14.215,4840.752,107.315,2.586,0,15.286,79.688,0,0.179,7.446,0,1.061,5.529,0,0,14413002
Australia,1980,220.537,7.64,15.117,5061.29,117.986,2.658,0,17.671,82.222,0,0.182,8.088,0,1.211,5.636,0,0,14588400
Australia,1981,230.14,4.35,15.574,5291.43,121.143,2.961,0,20.361,85.675,0,0.2,8.198,0,1.378,5.798,0,0,14777241
Australia,1982,233.897,1.63,15.615,5525.327,123.473,2.83,0,22.53,85.063,0,0.189,8.243,0,1.504,5.679,0,0,14979203
Australia,1983,224.792,-3.89,14.794,5750.119,122.29,2.384,0.44,22.79,76.889,0,0.157,8.048,0.029,1.5,5.06,0,0,15194644
Australia,1984,236.37,5.15,15.326,5986.489,127.947,2.691,0.275,24.05,81.407,0,0.174,8.296,0.018,1.559,5.278,0,0,15423156
Australia,1985,240.998,1.96,15.386,6227.488,135.689,2.901,0.352,30.147,71.91,0,0.185,8.663,0.022,1.925,4.591,0,0,15663672
Australia,1986,239.733,-0.52,15.061,6467.221,134.458,2.918,0.319,28.092,73.947,0,0.183,8.447,0.02,1.765,4.646,0,0,15917580
Australia,1987,255.862,6.73,15.81,6723.083,147.394,2.888,0.256,28.972,76.352,0,0.178,9.108,0.016,1.79,4.718,0,0,16183159
Australia,1988,260.892,1.97,15.858,6983.975,150.502,3.148,0.348,29.686,77.208,0,0.191,9.148,0.021,1.804,4.693,0,0,16452258
Australia,1989,277.501,6.37,16.603,7261.476,161.791,3.393,0.535,30.345,81.436,0,0.203,9.68,0.032,1.816,4.872,0,0,16713989
Australia,1990,279.365,0.67,16.471,7540.841,142.497,3.478,7.304,34.606,89.229,2,0.205,8.402,0.431,2.04,5.261,0,-12,16960600
Australia,1991,281.872,0.9,16.398,7822.713,147.307,3.21,7.06,33.061,88.986,2,0.187,8.57,0.411,1.923,5.177,0,-12,17189235
Australia,1992,286.332,1.58,16.454,8109.045,151.004,2.942,7.35,34.186,88.475,2,0.169,8.677,0.422,1.964,5.084,0,-13,17402179
Australia,1993,291.325,1.74,16.55,8400.37,151.373,3.03,7.197,35.973,91.155,3,0.172,8.599,0.409,2.043,5.178,0,-14,17603211
Australia,1994,300.084,3.01,16.86,8700.454,154.669,3.56,7.03,37.837,93.923,3,0.2,8.69,0.395,2.126,5.277,0,-12,17798526
Australia,1995,308.023,2.65,17.119,9008.476,157.261,3.391,7.131,40.225,97.078,3,0.188,8.74,0.396,2.236,5.395,0,-14,17993083
Australia,1996,316.332,2.7,17.391,9324.809,162.662,3.29,6.858,40.332,100.104,3,0.181,8.943,0.377,2.217,5.503,0,-14,18189274
Australia,1997,327.11,3.41,17.79,9651.918,171.244,3.252,6.83,41.95,100.485,3,0.177,9.313,0.372,2.282,5.465,0,-14,18387205
Australia,1998,338.697,3.54,18.222,9990.615,180.054,3.524,6.996,44.09,100.518,4,0.19,9.687,0.376,2.372,5.408,0,-11,18587027
Australia,1999,346.599,2.33,18.448,10337.214,184.875,3.552,7.23,45.961,101.308,4,0.189,9.84,0.385,2.446,5.392,0,-14,18788187
Australia,2000,351.82,1.51,18.525,10689.034,186.942,3.643,8.003,46.885,102.976,3,0.192,9.844,0.421,2.469,5.422,0,-17,18991434
Australia,2001,360.455,2.45,18.779,11049.488,191.835,3.574,8.248,49.769,103.536,3,0.186,9.994,0.43,2.593,5.394,0,-17,19194676
Australia,2002,367.113,1.85,18.922,11416.601,194.077,3.541,8.131,51.353,106.127,4,0.182,10.003,0.419,2.647,5.47,0,-13,19401366
Australia,2003,373.233,1.67,19.019,11789.834,197.462,3.622,7.236,50.233,110.743,4,0.185,10.062,0.369,2.56,5.643,0,-10,19624163
Australia,2004,386.766,3.63,19.455,12176.601,204.293,3.591,6.93,53.059,114.938,4,0.181,10.276,0.349,2.669,5.782,0,-10,19879654
Australia,2005,387.602,0.22,19.209,12564.202,201.452,3.678,6.942,54.681,116.944,4,0.182,9.984,0.344,2.71,5.795,0,-12,20178543
Australia,2006,397.295,2.5,19.355,12961.497,206.942,3.937,7.137,56.509,118.868,4,0.192,10.082,0.348,2.753,5.791,0,-9,20526300
Australia,2007,401.926,1.17,19.216,13363.422,204.714,3.994,7.549,61.4,120.161,4,0.191,9.787,0.361,2.936,5.745,0,-7,20916339
Australia,2008,409.653,1.92,19.203,13773.075,207.416,3.915,7.583,62.615,123.968,4,0.184,9.723,0.356,2.935,5.811,0,-10,21332293
Australia,2009,401.321,-2.03,18.451,14174.397,203.142,3.775,7.854,62.222,120.643,4,0.174,9.34,0.361,2.861,5.547,0,-4,21750852
Australia,2010,404.533,0.8,18.26,14578.93,200.253,3.544,8.179,64.172,124.384,4,0.16,9.039,0.369,2.896,5.614,0,-5,22154687
Australia,2011,405.344,0.2,17.985,14984.274,192.845,3.509,7.905,66.729,130.295,4,0.156,8.556,0.351,2.961,5.781,0,-3,22538002
Australia,2012,402.666,-0.66,17.581,15386.94,187.515,3.488,8.217,67.124,132.536,4,0.152,8.187,0.359,2.931,5.787,0,2,22903951
Australia,2013,393.171,-2.36,16.907,15780.11,174.256,3.255,8.743,68.821,134.566,4,0.14,7.493,0.376,2.959,5.787,0,-1,23254912
Australia,2014,399.254,1.55,16.92,16179.364,170.393,3.18,9.398,72.773,139.45,4,0.135,7.221,0.398,3.084,5.91,0,-1,23596426
Australia,2015,403.279,1.01,16.851,16582.643,174.961,3.09,10.877,72.362,137.945,4,0.129,7.311,0.454,3.024,5.764,0,-1,23932499
Australia,2016,415.945,3.14,17.143,16998.589,181.724,2.966,12.593,75.956,138.745,4,0.122,7.49,0.519,3.131,5.718,0,-6,24262710
Australia,2017,414.751,-0.29,16.87,17413.34,176.972,3.02,14.869,76.405,139.585,4,0.123,7.198,0.605,3.108,5.678,0,-6,24584619
Australia,2018,416.001,0.3,16.708,17829.341,169.64,2.946,16.954,79.77,142.785,4,0.118,6.813,0.681,3.204,5.735,0,-9,24898153
Australia,2019,414.517,-0.36,16.447,18243.858,164.066,3.025,20.102,81.576,141.899,4,0.12,6.51,0.798,3.237,5.63,0,-9,25203200
Australia,2020,391.892,-5.46,15.368,18635.75,159.817,3.025,20.341,80.208,124.606,4,0.119,6.267,0.798,3.145,4.886,0,0,25499881
Antarctica,1987,0.004,0,0,0.004,0,0,0,0,0.004,0,0,0,0,0,0,0,0,0
Antarctica,1988,0.007,100,0,0.011,0,0,0,0,0.007,0,0,0,0,0,0,0,0,0
Antarctica,1989,0.007,0,0,0.018,0,0,0,0,0.007,0,0,0,0,0,0,0,0,0
Antarctica,1990,0.011,50,0,0.029,0,0,0,0,0.011,0,0,0,0,0,0,0,0,0
Antarctica,1991,0.015,33.33,0,0.044,0,0,0,0,0.015,0,0,0,0,0,0,0,0,0
Antarctica,1992,0.015,0,0,0.059,0,0,0,0,0.015,0,0,0,0,0,0,0,0,0
Antarctica,1993,0.015,0,0,0.073,0,0,0,0,0.015,0,0,0,0,0,0,0,0,0
Antarctica,1994,0.015,0,0,0.088,0,0,0,0,0.015,0,0,0,0,0,0,0,0,0
Antarctica,1995,0.004,-75,0,0.092,0,0,0,0,0.004,0,0,0,0,0,0,0,0,0
Antarctica,1996,0.004,0,0,0.095,0,0,0,0,0.004,0,0,0,0,0,0,0,0,0
Antarctica,1997,0.004,0,0,0.099,0,0,0,0,0.004,0,0,0,0,0,0,0,0,0
Antarctica,1998,0.004,0,0,0.103,0,0,0,0,0.004,0,0,0,0,0,0,0,0,0
Antarctica,1999,0.004,0,0,0.106,0,0,0,0,0.004,0,0,0,0,0,0,0,0,0
Antarctica,2000,0.004,0,0,0.11,0,0,0,0,0.004,0,0,0,0,0,0,0,0,0
Antarctica,2001,0.004,0,0,0.114,0,0,0,0,0.004,0,0,0,0,0,0,0,0,0
Antarctica,2002,0.004,0,0,0.117,0,0,0,0,0.004,0,0,0,0,0,0,0,0,0
Antarctica,2003,0.004,0,0,0.121,0,0,0,0,0.004,0,0,0,0,0,0,0,0,0
Antarctica,2004,0.007,100,0,0.128,0,0,0,0,0.007,0,0,0,0,0,0,0,0,0
Antarctica,2005,0.007,0,0,0.136,0,0,0,0,0.007,0,0,0,0,0,0,0,0,0
Antarctica,2006,0.007,0,0,0.143,0,0,0,0,0.007,0,0,0,0,0,0,0,0,0
Antarctica,2007,0.011,50,0,0.154,0,0,0,0,0.011,0,0,0,0,0,0,0,0,0
Antarctica,2008,0,0,0,0,0,0,0,0,0,0,0,0,0,0,0,0,0,0
Antarctica,2009,0,0,0,0,0,0,0,0,0,0,0,0,0,0,0,0,0,0
Antarctica,2010,0,0,0,0,0,0,0,0,0,0,0,0,0,0,0,0,0,0
Antarctica,2011,0,0,0,0,0,0,0,0,0,0,0,0,0,0,0,0,0,0
Antarctica,2012,0,0,0,0,0,0,0,0,0,0,0,0,0,0,0,0,0,0
Antarctica,2013,0,0,0,0,0,0,0,0,0,0,0,0,0,0,0,0,0,0
Antarctica,2014,0,0,0,0,0,0,0,0,0,0,0,0,0,0,0,0,0,0
Antarctica,2015,0,0,0,0,0,0,0,0,0,0,0,0,0,0,0,0,0,0
Antarctica,2016,0,0,0,0,0,0,0,0,0,0,0,0,0,0,0,0,0,0
Antarctica,2017,0,0,0,0,0,0,0,0,0,0,0,0,0,0,0,0,0,0
Antarctica,2018,0,0,0,0,0,0,0,0,0,0,0,0,0,0,0,0,0,0
Antarctica,2019,0,0,0,0,0,0,0,0,0,0,0,0,0,0,0,0,0,0
Antarctica,2020,0,0,0,0,0,0,0,0,0,0,0,0,0,0,0,0,0,0
Europe,1975,6889.733,0.56,10.173,231880.114,2866.664,159.546,37.262,868.815,2957.446,0,0.236,4.233,0.055,1.283,4.367,0,0,677545210
Europe,1976,7264.647,5.44,10.67,239144.76,2979.039,163.807,40.34,948.411,3133.049,0,0.241,4.376,0.059,1.393,4.602,0,0,681155180
Europe,1977,7320.281,0.77,10.697,246465.042,2968.749,167.369,43.606,995.146,3145.412,0,0.245,4.338,0.064,1.454,4.596,0,0,684625058
Europe,1978,7552.39,3.17,10.983,254017.432,2986.386,170,47.225,1045.356,3303.423,0,0.247,4.343,0.069,1.52,4.804,0,0,687959112
Europe,1979,7732.355,2.38,11.193,261749.787,3076.822,167.743,35.216,1109.399,3343.175,0,0.243,4.454,0.051,1.606,4.839,0,0,691165026
Europe,1980,7735.701,0.04,11.148,269485.489,3164.58,166.719,30.445,1139.153,3234.805,0,0.24,4.56,0.044,1.642,4.662,0,0,694253884
Europe,1981,7453.972,-3.64,10.696,276939.46,3028.981,160.601,29.53,1180.789,3054.07,0,0.23,4.347,0.042,1.694,4.383,0,0,697202619
Europe,1982,7394.331,-0.8,10.568,284333.791,3039.17,156.424,27.797,1195.424,2975.515,0,0.224,4.344,0.04,1.708,4.253,0,0,700021734
Europe,1983,7400.814,0.09,10.536,291734.604,3043.789,156.437,26.325,1260.801,2913.462,0,0.223,4.333,0.038,1.795,4.148,0,0,702764499
Europe,1984,7451.776,0.69,10.568,299186.381,3040.843,150.988,25.586,1333.017,2901.343,0,0.214,4.312,0.036,1.89,4.114,0,0,705505195
Europe,1985,7775.661,4.35,10.984,306962.042,3301.663,145.508,25.486,1421.935,2881.068,0,0.206,4.664,0.036,2.009,4.07,0,0,708287880
Europe,1986,7788.33,0.16,10.958,314750.371,3315.441,148.001,22.456,1371.221,2931.211,0,0.208,4.664,0.032,1.929,4.124,0,0,711134461
Europe,1987,7812.748,0.31,10.948,322563.119,3330.619,148.335,22.654,1513.107,2798.034,0,0.208,4.667,0.032,2.12,3.921,0,0,714002661
Europe,1988,7846.139,0.43,10.952,330409.258,3292.108,152.536,36.312,1579.269,2785.914,0,0.213,4.595,0.051,2.204,3.889,0,0,716793138
Europe,1989,7813.968,-0.41,10.868,338223.226,3210.623,154.871,35.252,1630.093,2783.129,0,0.215,4.465,0.049,2.267,3.871,0,0,719368319
Europe,1990,8015.589,2.58,11.112,346238.815,2990.532,153.879,63.074,1745.321,2959.767,103,0.213,4.146,0.087,2.42,4.103,0,-3,721627205
Europe,1991,7714.386,-3.76,10.666,353953.201,2784.894,141.499,59.945,1740.851,2895.04,92,0.196,3.85,0.083,2.407,4.003,0,-1,723558978
Europe,1992,7078.818,-8.24,9.765,361032.019,2514.334,132.116,55.255,1718.98,2573.797,84,0.182,3.469,0.076,2.371,3.551,0,-6,725190636
Europe,1993,6791.984,-4.05,9.353,367824.003,2395.362,119.667,51.239,1712.644,2438.279,75,0.165,3.299,0.071,2.358,3.358,0,-4,726475543
Europe,1994,6433.785,-5.27,8.849,374257.788,2249.938,118.661,48.118,1647.625,2299.753,70,0.163,3.094,0.066,2.266,3.163,0,-1,727366460
Europe,1995,6415.241,-0.29,8.818,380673.029,2231.814,120.3,50.903,1656.923,2284.604,71,0.165,3.068,0.07,2.277,3.14,0,0,727849824
Europe,1996,6464.354,0.77,8.885,387137.383,2192.261,112.012,51.227,1743.8,2299.171,66,0.154,3.013,0.07,2.397,3.16,0,1,727893714
Europe,1997,6258.128,-3.19,8.605,393395.511,2069.926,114.208,51.693,1695.849,2261.471,65,0.157,2.846,0.071,2.332,3.11,0,2,727560614
Europe,1998,6232.187,-0.41,8.576,399627.698,1980.269,116.117,50.667,1749.947,2271.758,63,0.16,2.725,0.07,2.408,3.126,0,2,727050549
Europe,1999,6147.589,-1.36,8.464,405775.287,1899.302,118.134,51.485,1772.396,2242.615,64,0.163,2.615,0.071,2.44,3.088,0,1,726631490
Europe,2000,6149.034,0.02,8.468,411924.321,1963.231,122.121,51.124,1787.58,2159.665,65,0.168,2.704,0.07,2.462,2.974,0,2,726503736
Europe,2001,6275.941,2.06,8.64,418200.262,1995.498,119.392,50.398,1831.124,2214.613,65,0.164,2.747,0.069,2.521,3.049,0,2,726734626
Europe,2002,6241.656,-0.55,8.586,424441.918,1972.209,120.354,57.95,1831.151,2194.893,65,0.166,2.713,0.08,2.519,3.019,0,4,727291447
Europe,2003,6387.841,2.34,8.777,430829.759,2017.658,124.373,58.644,1917.411,2202.52,67,0.171,2.772,0.081,2.634,3.026,0,4,728130218
Europe,2004,6419.131,0.49,8.807,437248.889,2002.632,131.817,61.161,1951.179,2202.773,70,0.181,2.748,0.084,2.677,3.022,0,6,729162659
Europe,2005,6410.33,-0.14,8.781,443659.219,1958.751,135.735,63.727,1971.365,2211.096,70,0.186,2.683,0.087,2.7,3.029,0,7,730317947
Europe,2006,6509.434,1.55,8.902,450168.653,2036.208,141.932,65.219,1979.075,2215.212,72,0.194,2.784,0.089,2.706,3.029,0,9,731594768
Europe,2007,6457.352,-0.8,8.814,456626.006,2036.827,150.966,72.9,1973.126,2150.444,73,0.206,2.78,0.1,2.693,2.935,0,10,733004672
Europe,2008,6384.572,-1.13,8.696,463010.578,1962.109,139.526,61.027,2000.4,2150.78,71,0.19,2.673,0.083,2.725,2.93,0,10,734500455
Europe,2009,5871.171,-8.04,7.981,468881.749,1744.764,111.999,59.838,1852.847,2045.147,57,0.152,2.372,0.081,2.519,2.78,0,9,736023880
Europe,2010,6098.535,3.87,8.273,474980.284,1813.962,113.798,67.447,2011.272,2030.394,62,0.154,2.461,0.092,2.728,2.754,0,9,737528015
Europe,2011,6023.668,-1.23,8.155,481003.952,1858.919,116.489,70.425,1937.495,1975.668,65,0.158,2.517,0.095,2.623,2.675,0,11,738977880
Europe,2012,5972.232,-0.85,8.07,486976.184,1900.966,112.335,70.584,1891.6,1933.661,63,0.152,2.569,0.095,2.556,2.613,0,9,740362612
Europe,2013,5815.575,-2.62,7.845,492791.759,1831.111,110.003,69.352,1841.353,1901.239,63,0.148,2.47,0.094,2.484,2.565,0,8,741688141
Europe,2014,5589.757,-3.88,7.527,498381.516,1722.348,112.454,61.086,1721.03,1910.168,63,0.151,2.319,0.082,2.318,2.572,0,9,742972976
Europe,2015,5594.384,0.08,7.521,503975.9,1699.63,108.133,57.2,1709.969,1957.909,62,0.145,2.285,0.077,2.299,2.632,0,7,744222365
Europe,2016,5590.253,-0.07,7.503,509566.153,1605.197,106.055,58.811,1780.968,1979.127,60,0.142,2.154,0.079,2.39,2.656,0,6,745441379
Europe,2017,5620.307,0.54,7.532,515186.46,1551.034,108.219,63.258,1837.3,1999.56,61,0.145,2.078,0.085,2.462,2.68,0,7,746596841
Europe,2018,5593.057,-0.48,7.485,520779.517,1514.903,109.124,68.465,1875.139,1962.287,63,0.146,2.027,0.092,2.509,2.626,0,7,747608696
Europe,2019,5430.239,-2.91,7.26,526209.756,1342.922,110.112,76.015,1868.087,1972.372,61,0.147,1.795,0.102,2.497,2.637,0,8,748381389
Europe,2020,4946.034,-8.92,6.608,531155.791,1146.776,110.112,76.214,1781.935,1770.029,61,0.147,1.532,0.102,2.381,2.365,0,0,748843405
China,1975,1183.215,15.09,1.277,15567.494,906.638,19.102,1.905,16.972,204.191,34,0.021,0.979,0.002,0.018,0.22,0,0,926240889
China,1976,1226.421,3.65,1.301,16793.915,910.39,19.253,1.905,19.368,238.985,37,0.02,0.966,0.002,0.02,0.254,0,0,942685412
China,1977,1340.831,9.33,1.4,18134.746,998.609,22.906,2.18,23.237,257.484,36,0.024,1.042,0.002,0.024,0.269,0,0,957891271
China,1978,1492.778,11.33,1.536,19627.524,1117.447,26.81,2.737,26.286,281.992,38,0.028,1.149,0.003,0.027,0.29,0,0,972205441
China,1979,1525.661,2.2,1.547,21153.185,1147.547,30.32,3.063,27.777,278.427,39,0.031,1.164,0.003,0.028,0.282,0,0,986132214
China,1980,1494.496,-2.04,1.494,22647.681,1122.664,32.712,3.012,27.319,273.202,36,0.033,1.123,0.003,0.027,0.273,0,0,1000089228
China,1981,1476.488,-1.2,1.456,24124.169,1125.005,33.903,2.689,24.388,256.374,34,0.033,1.109,0.003,0.024,0.253,0,0,1014022211
China,1982,1606.585,8.81,1.563,25730.754,1248.856,38.87,2.524,22.9,257.81,36,0.038,1.215,0.002,0.022,0.251,0,0,1027948989
China,1983,1694.217,5.45,1.625,27424.971,1321.843,44.126,2.671,23.439,263.771,38,0.042,1.268,0.003,0.022,0.253,0,0,1042431401
China,1984,1844.828,8.89,1.743,29269.799,1454.198,50.066,3.213,24.226,271.451,42,0.047,1.374,0.003,0.023,0.256,0,0,1058171973
China,1985,1998.083,8.31,1.858,31267.882,1584.511,59.301,0,24.82,284.594,45,0.055,1.473,0,0.023,0.265,0,0,1075589363
China,1986,2104.213,5.31,1.922,33372.095,1657.391,67.362,0,26.352,303.068,50,0.062,1.514,0,0.024,0.277,0,0,1095014106
China,1987,2257.739,7.3,2.023,35629.834,1770.269,75.429,0,26.601,321.523,64,0.068,1.586,0,0.024,0.288,0,0,1116095475
China,1988,2425.894,7.45,2.132,38055.727,1892.698,84.961,0,27.311,343.13,78,0.075,1.664,0,0.024,0.302,0,0,1137724234
China,1989,2463.654,1.56,2.127,40519.382,1920.239,84.886,0,28.821,354.441,75,0.073,1.658,0,0.025,0.306,0,0,1158357393
China,1990,2484.855,0.86,2.111,43004.236,1976.684,84.513,0,29.301,330.291,64,0.072,1.68,0,0.025,0.281,0,-7,1176883681
China,1991,2606.096,4.88,2.185,45610.333,2049.92,101.305,0,30.778,356.027,68,0.085,1.718,0,0.026,0.298,0,-8,1192897277
China,1992,2730.788,4.78,2.263,48341.12,2114.715,122.445,0,30.239,385.793,78,0.102,1.752,0,0.025,0.32,0,-6,1206711243
China,1993,2921.651,6.99,2.397,51262.771,2228.745,142.774,0,35.728,428.549,86,0.117,1.829,0,0.029,0.352,0,-6,1218817059
China,1994,3100.002,6.1,2.52,54362.773,2380.586,164.377,0,41.568,423.712,90,0.134,1.935,0,0.034,0.344,0,-11,1230020026
China,1995,3357.909,8.32,2.706,57720.682,2569.754,184.637,0,42.436,468.23,93,0.149,2.071,0,0.034,0.377,0,-11,1240920539
China,1996,3503.234,4.33,2.799,61223.916,2660.401,192.853,0,44.47,510.622,95,0.154,2.126,0,0.036,0.408,0,-11,1251636178
China,1997,3510.169,0.2,2.781,64734.085,2609.556,202.874,0,44.159,557.961,96,0.161,2.068,0,0.035,0.442,0,-13,1261996017
China,1998,3360.455,-4.27,2.642,68094.541,2444.771,211.369,0,50.501,559.262,95,0.166,1.922,0,0.04,0.44,0,-12,1271982349
China,1999,3350.34,-0.3,2.614,71444.881,2378.49,228.322,0,54.572,596.751,92,0.178,1.856,0,0.043,0.466,0,-11,1281514833
China,2000,3439.152,2.65,2.665,74884.033,2396.426,244.388,0,59.796,648.685,90,0.189,1.857,0,0.046,0.503,0,-12,1290550767
China,2001,3514.934,2.2,2.706,78398.967,2428.857,270.828,0,67.158,659.301,89,0.208,1.87,0,0.052,0.507,0,-9,1299129747
China,2002,3872.595,10.18,2.962,82271.562,2778.77,296.59,0,53.993,653.086,90,0.227,2.126,0,0.041,0.5,0,-12,1307352256
China,2003,4545.014,17.36,3.456,86816.576,3319.28,345.186,0,60.745,727.099,93,0.262,2.524,0,0.046,0.553,0,-16,1315303522
China,2004,5223.755,14.93,3.948,92040.331,3835.288,379.992,0,71.521,839.093,98,0.287,2.899,0,0.054,0.634,0,-17,1323084639
China,2005,5876.555,12.5,4.416,97916.886,4424.39,411.649,0,84.957,850.173,105,0.309,3.325,0,0.064,0.639,0,-19,1330776380
China,2006,6488.804,10.42,4.848,104405.69,4905.374,470.087,0,103.753,898.534,111,0.351,3.665,0,0.078,0.671,0,-22,1338408644
China,2007,6978.612,7.55,5.185,111384.302,5289.904,514.981,0,129.515,927.351,117,0.383,3.93,0,0.096,0.689,0,-21,1345993891
China,2008,7496.832,7.43,5.539,118881.134,5729.474,525.924,0,149.674,970.117,122,0.388,4.233,0,0.111,0.717,0,-20,1353569480
China,2009,7886.533,5.2,5.794,126767.667,6028.5,583.56,0,164.404,982.348,128,0.429,4.429,0,0.121,0.722,0,-15,1361169410
China,2010,8616.653,9.26,6.295,135384.319,6568.794,639.592,0,199.585,1092.572,116,0.467,4.799,0,0.146,0.798,0,-15,1368810604
China,2011,9528.556,10.58,6.922,144912.875,7309.786,708.564,0,245.99,1123.859,140,0.515,5.31,0,0.179,0.816,0,-15,1376497633
China,2012,9775.622,2.59,7.062,154688.497,7464.806,714.782,0,277.599,1176.712,142,0.516,5.393,0,0.2,0.85,0,-14,1384206408
China,2013,9952.744,1.81,7.151,164641.241,7493.454,748.323,0,320.127,1234.622,156,0.538,5.384,0,0.23,0.887,0,-14,1391883335
China,2014,9985.583,0.33,7.135,174626.824,7425.069,778.627,0,353.591,1263.073,165,0.556,5.306,0,0.253,0.902,0,-13,1399453966
China,2015,9848.42,-1.37,7,184475.244,7266.979,721.995,0,366.649,1327.578,165,0.513,5.165,0,0.261,0.944,0,-12,1406847868
China,2016,9720.444,-1.3,6.874,194195.688,7071.406,743.044,0,402.762,1335.304,168,0.526,5.001,0,0.285,0.944,0,-10,1414049353
China,2017,9920.459,2.06,6.981,204116.147,7137.264,758.185,0,464.452,1390.825,170,0.534,5.023,0,0.327,0.979,0,-10,1421021794
China,2018,10289.99,3.72,7.208,214406.137,7316.4,786.745,0,519.834,1495.473,172,0.551,5.125,0,0.364,1.048,0,-10,1427647789
China,2019,10489.989,1.94,7.316,224896.125,7377.67,826.876,0,564.602,1543.584,177,0.577,5.146,0,0.394,1.077,0,-10,1433783692
China,2020,10667.887,1.7,7.412,235564.013,7421.101,858.233,0,605.254,1611.762,172,0.596,5.156,0,0.42,1.12,0,0,1439323774
India,1975,234.439,8.51,0.376,5433.127,161.568,7.288,2.012,1.733,61.838,0,0.012,0.259,0.003,0.003,0.099,0,0,623102900
India,1976,244.99,4.5,0.384,5678.117,169.161,8.279,1.817,2.294,63.438,0,0.013,0.265,0.003,0.004,0.1,0,0,637630085
India,1977,259.215,5.81,0.397,5937.331,177.763,8.322,2.092,2.481,68.557,0,0.013,0.272,0.003,0.004,0.105,0,0,652408766
India,1978,263.398,1.61,0.395,6200.73,174.937,8.421,1.982,2.741,75.317,0,0.013,0.262,0.003,0.004,0.113,0,0,667499815
India,1979,276.542,4.99,0.405,6477.272,180.88,7.752,2.217,3.03,82.664,0,0.011,0.265,0.003,0.004,0.121,0,0,682995348
India,1980,291.992,5.59,0.418,6769.264,197.618,7.545,1.165,2.488,83.176,0,0.011,0.283,0.002,0.004,0.119,0,0,698952837
India,1981,315.266,7.97,0.441,7084.53,210.605,8.888,3.177,2.884,89.713,0,0.012,0.294,0.004,0.004,0.125,0,0,715384997
India,1982,325.684,3.3,0.445,7410.214,213.427,9.676,3.814,4.36,94.407,0,0.013,0.292,0.005,0.006,0.129,0,0,732239498
India,1983,352.53,8.24,0.47,7762.744,232.85,10.951,4.316,5.243,99.17,0,0.015,0.311,0.006,0.007,0.132,0,0,749428958
India,1984,361.889,2.65,0.472,8124.633,231.822,12.593,5.199,6.17,106.105,0,0.016,0.302,0.007,0.008,0.138,0,0,766833411
India,1985,397.953,9.97,0.507,8522.586,253.65,14.39,5.954,7.2,116.76,0,0.018,0.323,0.008,0.009,0.149,0,0,784360012
India,1986,426.699,7.22,0.532,8949.284,273.56,16.006,4.965,10.31,121.857,0,0.02,0.341,0.006,0.013,0.152,0,0,801975250
India,1987,455.759,6.81,0.556,9405.043,292.272,16.412,6.628,12.776,127.671,0,0.02,0.357,0.008,0.016,0.156,0,0,819682095
India,1988,492.144,7.98,0.588,9897.187,317.623,18.229,7.471,15.206,133.615,0,0.022,0.379,0.009,0.018,0.16,0,0,837468938
India,1989,541.135,9.95,0.633,10438.322,340.109,20.791,11.003,18.518,150.714,0,0.024,0.398,0.013,0.022,0.176,0,0,855334675
India,1990,578.518,6.91,0.662,11016.84,367.036,22.348,9.871,21.097,158.167,0,0.026,0.42,0.011,0.024,0.181,0,0,873277799
India,1991,615.925,6.47,0.691,11632.765,393.603,24.503,7.834,23.563,166.423,0,0.028,0.442,0.009,0.026,0.187,0,-3,891273202
India,1992,656.033,6.51,0.722,12288.798,412.001,25.156,3.565,27.256,188.055,0,0.028,0.453,0.004,0.03,0.207,0,-1,909307018
India,1993,677.916,3.34,0.731,12966.715,433.738,26.602,3.701,26.996,186.879,0,0.029,0.468,0.004,0.029,0.202,0,-4,927403866
India,1994,716.918,5.75,0.758,13683.632,456.367,28.54,4.056,29,198.954,0,0.03,0.483,0.004,0.031,0.21,0,-4,945601828
India,1995,762.121,6.31,0.791,14445.753,472.395,31.104,3.29,39.051,216.281,0,0.032,0.49,0.003,0.04,0.224,0,-5,963922586
India,1996,825.919,8.37,0.841,15271.672,505.217,34.079,3.715,39.747,243.16,0,0.035,0.514,0.004,0.04,0.248,0,-7,982365248
India,1997,859.686,4.09,0.859,16131.358,528.474,37.418,3.569,46.024,244.202,0,0.037,0.528,0.004,0.046,0.244,0,-6,1000900028
India,1998,877.698,2.1,0.861,17009.056,524.872,39.026,3.312,47.595,262.892,0,0.038,0.515,0.003,0.047,0.258,0,-6,1019483586
India,1999,951.749,8.44,0.917,17960.805,561.326,44.592,3.004,42.316,300.51,0,0.043,0.541,0.003,0.041,0.29,0,-5,1038058154
India,2000,978.919,2.85,0.926,18939.724,573.692,45.957,3.111,43.873,312.287,0,0.044,0.543,0.003,0.042,0.296,0,-8,1056575548
India,2001,992.56,1.39,0.923,19932.284,582.912,46.74,3.224,43.569,316.115,0,0.044,0.542,0.003,0.04,0.294,0,-7,1075000094
India,2002,1023.027,3.07,0.936,20955.311,599.45,49.111,2.744,47.134,324.588,0,0.045,0.548,0.002,0.043,0.297,0,-8,1093317187
India,2003,1059.616,3.58,0.953,22014.927,626.782,50.88,2.03,49.988,329.937,0,0.046,0.564,0.002,0.045,0.297,0,-7,1111523146
India,2004,1125.471,6.21,0.996,23140.399,670.922,55.545,1.902,49.585,347.518,0,0.049,0.594,0.002,0.044,0.308,0,-6,1129623466
India,2005,1185.953,5.37,1.033,24326.352,722.497,59.687,1.685,50.439,351.646,0,0.052,0.63,0.002,0.044,0.306,0,-8,1147609924
India,2006,1259.744,6.22,1.081,25586.096,774.666,64.905,1.839,49.442,368.891,0,0.056,0.665,0.002,0.042,0.316,0,-6,1165486291
India,2007,1358.152,7.81,1.148,26944.249,843.677,68.333,2.418,52.696,391.028,0,0.058,0.713,0.002,0.044,0.33,0,-6,1183209471
India,2008,1462.815,7.71,1.218,28407.063,912.093,73.245,2.114,63.047,412.316,0,0.061,0.76,0.002,0.052,0.343,0,-7,1200669762
India,2009,1612.817,10.25,1.324,30019.88,985.349,81.268,1.905,112.685,431.61,0,0.067,0.809,0.002,0.092,0.354,0,-5,1217726217
India,2010,1677.888,4.03,1.359,31697.767,1017.376,86.029,1.865,134.244,438.373,0,0.07,0.824,0.002,0.109,0.355,0,-5,1234281163
India,2011,1780.13,6.09,1.424,33477.897,1091.465,91.314,2.077,136.364,458.909,0,0.073,0.873,0.002,0.109,0.367,0,-7,1250287939
India,2012,1963.586,10.31,1.551,35441.483,1247.112,100.237,2.077,125.605,488.554,0,0.079,0.985,0.002,0.099,0.386,0,-7,1265780243
India,2013,2036.937,3.74,1.59,37478.42,1320.664,107.82,2.121,110.689,495.642,0,0.084,1.031,0.002,0.086,0.387,0,-10,1280842119
India,2014,2185.856,7.31,1.687,39664.276,1447.723,115.825,1.674,109.468,511.166,0,0.089,1.117,0.001,0.084,0.394,0,-9,1295600768
India,2015,2268.567,3.78,1.732,41932.844,1487.726,117.508,1.674,106.871,554.789,0,0.09,1.136,0.001,0.082,0.424,0,-8,1310152392
India,2016,2382.223,5.01,1.799,44315.067,1530.271,123.281,1.883,113.622,613.166,0,0.093,1.155,0.001,0.086,0.463,0,-9,1324517250
India,2017,2433.856,2.17,1.818,46748.923,1561.224,121.047,1.576,118.922,631.087,0,0.09,1.166,0.001,0.089,0.471,0,-8,1338676779
India,2018,2599.806,6.82,1.922,49348.729,1677.771,138.965,1.678,126.201,655.19,0,0.103,1.24,0.001,0.093,0.484,0,-9,1352642283
India,2019,2625.968,1.01,1.922,51974.697,1677.934,143.664,1.678,128.68,674.011,0,0.105,1.228,0.001,0.094,0.493,0,-8,1366417756
India,2020,2441.792,-7.01,1.769,54416.489,1587.552,122.908,1.678,126.984,602.67,0,0.089,1.15,0.001,0.092,0.437,0,0,1380004385
"United States",1975,4478.038,-3.09,20.44,177140.652,1168.057,30.276,7.112,992.428,2267.402,13,0.138,5.332,0.032,4.53,10.35,0,0,219081250
"United States",1976,4747.563,6.02,21.474,181888.215,1309.642,32.171,7.339,1021.939,2362.976,13,0.146,5.924,0.033,4.622,10.688,0,0,221086427
"United States",1977,4889.398,2.99,21.912,186777.613,1327.837,33.77,7.262,991.627,2515.626,13,0.151,5.951,0.032,4.444,11.274,0,0,223135659
"United States",1978,4941.142,1.06,21.939,191718.756,1379.717,35.397,8.123,989.137,2515.199,14,0.157,6.126,0.036,4.392,11.168,0,0,225223307
"United States",1979,5008.359,1.36,22.03,196727.114,1443.848,35.719,8.867,1035.888,2470.1,14,0.157,6.351,0.039,4.557,10.865,0,0,227339321
"United States",1980,4808.296,-3.99,20.953,201535.41,1484.466,32.719,6.69,1017.996,2253.808,13,0.143,6.469,0.029,4.436,9.822,0,0,229476360
"United States",1981,4686.172,-2.54,20.231,206221.581,1535.712,31.765,5.232,1000.728,2100.191,13,0.137,6.63,0.023,4.32,9.067,0,0,231636065
"United States",1982,4447.08,-5.1,19.019,210668.661,1482.816,28.266,4.99,931.366,1990.254,9,0.121,6.342,0.021,3.983,8.512,0,0,233821851
"United States",1983,4429.187,-0.4,18.765,215097.848,1546.103,30.252,5.089,874.067,1963.774,10,0.128,6.55,0.022,3.703,8.32,0,0,236030236
"United States",1984,4661.921,5.25,19.567,219759.769,1651.497,32.712,5.789,922.784,2038.576,11,0.137,6.932,0.024,3.873,8.556,0,0,238256849
"United States",1985,4652.383,-0.2,19.345,224412.152,1684.175,31.513,5.1,890.373,2030.806,10,0.131,7.003,0.021,3.702,8.444,0,0,240499822
"United States",1986,4663.165,0.23,19.209,229075.317,1647.44,32.651,5.243,847.113,2121.108,10,0.134,6.786,0.022,3.49,8.737,0,0,242763137
"United States",1987,4825.445,3.48,19.692,233900.762,1729.182,32.773,6.632,889.879,2156.49,10,0.134,7.056,0.027,3.631,8.8,0,0,245052780
"United States",1988,5050.268,4.66,20.416,238951.03,1814.339,33.043,7.643,935.276,2248.597,11,0.134,7.334,0.031,3.781,9.09,0,0,247372258
"United States",1989,5131.927,1.62,20.55,244082.956,1859.69,33.06,7.595,971.29,2248.849,11,0.132,7.447,0.03,3.889,9.005,0,0,249725809
"United States",1990,5113.455,-0.36,20.282,249196.411,1841.986,33.484,41.757,1033.673,2138.355,24,0.133,7.306,0.166,4.1,8.482,0,-2,252120309
"United States",1991,5057.931,-1.09,19.871,254254.342,1827.639,32.736,41.137,1056.686,2076.071,24,0.129,7.18,0.162,4.151,8.156,0,-2,254539371
"United States",1992,5167.481,2.17,20.108,259421.823,1850.697,32.993,40.963,1091.238,2128.09,24,0.128,7.201,0.159,4.246,8.281,0,-1,256990608
"United States",1993,5267.343,1.93,20.296,264689.166,1908.247,34.838,40.82,1119.02,2141.496,23,0.134,7.353,0.157,4.312,8.251,0,-1,259532130
"United States",1994,5358.824,1.74,20.435,270047.99,1920.743,36.31,40.965,1145.894,2190.663,24,0.138,7.324,0.156,4.37,8.354,0,-1,262241204
"United States",1995,5421.502,1.17,20.446,275469.493,1942.302,37.075,39.41,1194.544,2180.865,27,0.14,7.325,0.149,4.505,8.225,0,-1,265163740
"United States",1996,5610.582,3.49,20.909,281080.074,2024.058,37.309,38.032,1215.071,2267.652,28,0.139,7.543,0.142,4.528,8.451,0,-2,268335007
"United States",1997,5686.465,1.35,20.928,286766.539,2067.227,38.561,38.183,1223.335,2290.998,28,0.142,7.608,0.14,4.502,8.432,0,-1,271713634
"United States",1998,5731.05,0.78,20.827,292497.589,2094.976,39.461,35.863,1200.762,2330.846,29,0.143,7.613,0.13,4.364,8.47,0,1,275175309
"United States",1999,5804.669,1.28,20.839,298302.258,2100.317,40.239,35.834,1204.715,2394.437,29,0.144,7.54,0.129,4.325,8.596,0,3,278548148
"United States",2000,6010.508,3.55,21.336,304312.766,2179.839,41.445,36.182,1257.599,2469.14,26,0.147,7.738,0.128,4.464,8.765,0,4,281710914
"United States",2001,5904.882,-1.76,20.747,310217.648,2115.059,41.613,35.931,1204.741,2481.985,26,0.146,7.432,0.126,4.233,8.721,0,4,284607992
"United States",2002,5946.771,0.71,20.7,316164.418,2119.322,43.164,36.572,1244.766,2476.57,26,0.15,7.377,0.127,4.333,8.621,0,6,287279312
"United States",2003,6011.837,1.09,20.744,322176.256,2158.577,43.349,36.43,1211.115,2537.209,25,0.15,7.448,0.126,4.179,8.755,0,6,289815567
"United States",2004,6114.007,1.7,20.913,328290.263,2190.331,45.886,36.825,1217.622,2596.286,27,0.157,7.492,0.126,4.165,8.881,0,7,292354663
"United States",2005,6134.521,0.34,20.795,334424.784,2214.838,46.194,37.244,1199.296,2608.477,28,0.157,7.508,0.126,4.066,8.842,0,8,294993509
"United States",2006,6051.668,-1.35,20.324,340476.452,2183.112,46.851,37.824,1182.916,2570.893,30,0.157,7.332,0.127,3.973,8.634,0,9,297758977
"United States",2007,6131.004,1.31,20.395,346607.456,2208.712,45.509,38.375,1257.55,2551.51,29,0.151,7.348,0.128,4.183,8.488,0,8,300608425
"United States",2008,5914.078,-3.54,19.487,352521.534,2174.329,41.416,39.847,1266.645,2363.676,28,0.136,7.164,0.131,4.174,7.788,0,7,303486022
"United States",2009,5478.21,-7.37,17.885,357999.744,1905.943,29.615,39.071,1245.742,2233.033,25,0.097,6.222,0.128,4.067,7.29,0,6,306307565
"United States",2010,5675.786,3.61,18.368,363675.53,2013.304,31.449,41.343,1308.832,2250.504,30,0.102,6.515,0.134,4.236,7.283,0,6,309011469
"United States",2011,5540.173,-2.39,17.781,369215.704,1903.555,32.208,45.542,1327.528,2201.747,30,0.103,6.109,0.146,4.261,7.066,0,7,311584051
"United States",2012,5338.698,-3.64,17,374554.402,1684.037,35.27,48.883,1388.255,2152.124,30,0.112,5.362,0.156,4.421,6.853,0,7,314043885
"United States",2013,5474.257,2.54,17.302,380028.659,1740.833,36.369,54.647,1427.506,2184.125,31,0.115,5.502,0.173,4.512,6.903,0,6,316400539
"United States",2014,5522.807,0.89,17.331,385551.466,1734.526,39.439,59.753,1455.804,2201.176,32,0.124,5.443,0.188,4.568,6.907,0,5,318673422
"United States",2015,5371.771,-2.73,16.741,390923.236,1504.946,39.907,61.546,1495.321,2239.49,31,0.124,4.69,0.192,4.66,6.979,0,6,320878312
"United States",2016,5248.024,-2.3,16.247,396171.26,1379.744,39.439,51.908,1502.475,2246.524,28,0.122,4.271,0.161,4.651,6.955,0,6,323015992
"United States",2017,5207.751,-0.77,16.02,401379.012,1338.667,40.324,56.186,1480.059,2265.326,27,0.124,4.118,0.173,4.553,6.968,0,7,325084758
"United States",2018,5375.491,3.22,16.434,406754.502,1283.532,38.971,71.008,1641.041,2316.811,24,0.119,3.924,0.217,5.017,7.083,0,7,327096263
"United States",2019,5255.816,-2.23,15.972,412010.318,1098.854,40.896,84.51,1694.894,2313.372,23,0.124,3.339,0.257,5.151,7.03,0,7,329064917
"United States",2020,4712.771,-10.33,14.238,416723.089,888.649,40.795,84.51,1654.988,2020.538,23,0.123,2.685,0.255,5,6.104,0,0,331002647
Zimbabwe,1975,8.311,-8.14,1.32,249.436,5.87,0.331,0,0,2.11,0,0.052,0.933,0,0,0.335,0,0,6293875
Zimbabwe,1976,10.855,30.61,1.669,260.29,8.94,0.262,0,0,1.652,0,0.04,1.375,0,0,0.254,0,0,6502566
Zimbabwe,1977,9.284,-14.47,1.383,269.575,7.357,0.238,0,0,1.689,0,0.036,1.096,0,0,0.252,0,0,6712825
Zimbabwe,1978,9.28,-0.05,1.339,278.855,7.38,0.197,0,0,1.703,0,0.028,1.065,0,0,0.246,0,0,6929663
Zimbabwe,1979,9.432,1.64,1.317,288.286,7.738,0.187,0,0,1.506,0,0.026,1.081,0,0,0.21,0,0,7160021
Zimbabwe,1980,9.614,1.93,1.298,297.9,7.713,0.219,0,0,1.682,0,0.03,1.041,0,0,0.227,0,0,7408630
Zimbabwe,1981,9.405,-2.17,1.225,307.306,7.214,0.271,0,0,1.92,0,0.035,0.94,0,0,0.25,0,0,7675582
Zimbabwe,1982,8.78,-6.65,1.103,316.085,7.068,0.261,0,0,1.451,0,0.033,0.888,0,0,0.182,0,0,7958239
Zimbabwe,1983,10.425,18.74,1.263,326.511,8.336,0.261,0,0,1.828,0,0.032,1.01,0,0,0.222,0,0,8254745
Zimbabwe,1984,9.88,-5.23,1.154,336.39,7.767,0.287,0,0,1.825,0,0.034,0.907,0,0,0.213,0,0,8562259
Zimbabwe,1985,10.214,3.38,1.15,346.604,8.05,0.306,0,0,1.858,0,0.034,0.907,0,0,0.209,0,0,8877489
Zimbabwe,1986,13.068,27.95,1.42,359.672,10.849,0.325,0,0,1.894,0,0.035,1.179,0,0,0.206,0,0,9200150
Zimbabwe,1987,15.17,16.09,1.592,374.842,13.003,0.346,0,0,1.821,0,0.036,1.365,0,0,0.191,0,0,9527202
Zimbabwe,1988,16.029,5.66,1.628,390.871,13.403,0.326,0,0,2.301,0,0.033,1.361,0,0,0.234,0,0,9849129
Zimbabwe,1989,16.114,0.53,1.587,406.985,13.612,0.3,0,0,2.202,0,0.03,1.341,0,0,0.217,0,0,10153852
Zimbabwe,1990,15.552,-3.49,1.491,422.537,13.418,0.287,0,0,1.847,0,0.028,1.286,0,0,0.177,0,14,10432409
Zimbabwe,1991,15.502,-0.32,1.451,438.038,12.773,0.355,0,0,2.374,0,0.033,1.196,0,0,0.222,0,12,10681008
Zimbabwe,1992,16.713,7.82,1.533,454.752,13.513,0.368,0,0,2.832,0,0.034,1.24,0,0,0.26,0,6,10900511
Zimbabwe,1993,16.047,-3.99,1.447,470.798,12.557,0.409,0,0,3.081,0,0.037,1.132,0,0,0.278,0,6,11092775
Zimbabwe,1994,17.394,8.39,1.544,488.192,13.553,0.437,0,0,3.404,0,0.039,1.204,0,0,0.302,0,1,11261752
Zimbabwe,1995,15.028,-13.6,1.317,503.22,10.611,0.394,0,0,4.023,0,0.035,0.93,0,0,0.353,0,8,11410721
Zimbabwe,1996,14.909,-0.8,1.292,518.129,10.497,0.407,0,0,4.005,0,0.035,0.91,0,0,0.347,0,11,11541215
Zimbabwe,1997,13.912,-6.69,1.194,532.041,9.493,0.447,0,0,3.972,0,0.038,0.815,0,0,0.341,0,9,11653254
Zimbabwe,1998,14.131,1.58,1.203,546.172,9.732,0.446,0,0,3.953,0,0.038,0.828,0,0,0.336,0,-2,11747079
Zimbabwe,1999,15.728,11.3,1.33,561.9,10.6,0.405,0,0,4.723,0,0.034,0.897,0,0,0.4,0,-11,11822722
Zimbabwe,2000,13.818,-12.14,1.163,575.718,10.124,0.404,0,0,3.29,0,0.034,0.852,0,0,0.277,0,-16,11881482
Zimbabwe,2001,12.509,-9.48,1.049,588.227,9.538,0.322,0,0,2.648,0,0.027,0.8,0,0,0.222,0,-13,11923906
Zimbabwe,2002,11.896,-4.9,0.995,600.123,9.123,0.241,0,0,2.532,0,0.02,0.763,0,0,0.212,0,3,11954293
Zimbabwe,2003,10.61,-10.81,0.885,610.732,8.183,0.16,0,0,2.267,0,0.013,0.683,0,0,0.189,0,-5,11982219
Zimbabwe,2004,9.429,-11.13,0.784,620.161,7.417,0.199,0,0,1.813,0,0.017,0.617,0,0,0.151,0,2,12019911
Zimbabwe,2005,10.698,13.47,0.886,630.86,8.475,0.238,0,0,1.986,0,0.02,0.702,0,0,0.164,0,-5,12076697
Zimbabwe,2006,10.365,-3.11,0.853,641.225,8.185,0.275,0,0,1.905,0,0.023,0.673,0,0,0.157,0,1,12155496
Zimbabwe,2007,9.835,-5.12,0.802,651.06,7.808,0.155,0,0,1.872,0,0.013,0.637,0,0,0.153,0,10,12255920
Zimbabwe,2008,7.72,-21.51,0.624,658.78,5.958,0.154,0,0,1.608,0,0.012,0.481,0,0,0.13,0,20,12379553
Zimbabwe,2009,5.476,-29.06,0.437,664.257,3.559,0.27,0,0,1.648,0,0.022,0.284,0,0,0.132,0,47,12526964
Zimbabwe,2010,7.878,43.86,0.62,672.135,5.632,0.308,0,0,1.938,0,0.024,0.444,0,0,0.153,0,19,12697728
Zimbabwe,2011,9.744,23.68,0.756,681.879,6.101,0.382,0,0,3.261,0,0.03,0.473,0,0,0.253,0,11,12894323
Zimbabwe,2012,7.883,-19.1,0.601,689.762,3.624,0.566,0,0,3.693,0,0.043,0.276,0,0,0.282,0,37,13115149
Zimbabwe,2013,11.836,50.15,0.887,701.598,7.269,0.463,0,0,4.104,0,0.035,0.544,0,0,0.307,0,8,13350378
Zimbabwe,2014,11.906,0.59,0.876,713.504,7.691,0.496,0,0,3.719,0,0.036,0.566,0,0,0.274,0,11,13586710
Zimbabwe,2015,12.226,2.69,0.885,725.729,8.033,0.585,0,0,3.608,0,0.042,0.582,0,0,0.261,0,9,13814642
Zimbabwe,2016,10.738,-12.17,0.765,736.467,6.959,0.639,0,0,3.139,0,0.046,0.496,0,0,0.224,0,13,14030338
Zimbabwe,2017,9.582,-10.77,0.673,746.049,5.665,0.678,0,0,3.239,0,0.048,0.398,0,0,0.228,0,17,14236599
Zimbabwe,2018,11.854,23.72,0.821,757.903,7.101,0.697,0,0,4.056,0,0.048,0.492,0,0,0.281,0,11,14438812
Zimbabwe,2019,10.949,-7.64,0.748,768.852,6.02,0.697,0,0,4.232,0,0.048,0.411,0,0,0.289,0,13,14645473
Zimbabwe,2020,10.531,-3.82,0.709,779.383,6.257,0.697,0,0,3.576,0,0.047,0.421,0,0,0.241,0,0,14862927
"North America",1975,5127.969,-2.35,14.783,192613.478,1240.715,43.597,24.091,1106.999,2699.803,13,0.126,3.577,0.07,3.191,7.783,0,0,349891628
"North America",1976,5434.561,5.98,15.45,198048.039,1380.573,45.996,25.091,1149.86,2819.544,13,0.131,3.925,0.071,3.269,8.016,0,0,354814581
"North America",1977,5591.029,2.88,15.677,203639.068,1405.635,47.979,20.53,1124.657,2978.952,13,0.134,3.941,0.058,3.154,8.353,0,0,359756579
"North America",1978,5676.991,1.54,15.702,209316.059,1465.274,50.536,24.476,1132.834,2990.301,14,0.14,4.053,0.068,3.133,8.271,0,0,364721549
"North America",1979,5792.359,2.03,15.805,215108.418,1537.383,52.159,23.472,1195.721,2969.688,14,0.142,4.195,0.064,3.263,8.103,0,0,369715128
"North America",1980,5621.038,-2.96,15.132,220729.456,1576.564,49.242,23.588,1181.09,2777.939,13,0.133,4.244,0.064,3.18,7.478,0,0,375011489
"North America",1981,5495.519,-2.23,14.595,226224.975,1628.294,48.663,24.015,1164.73,2617.275,13,0.129,4.324,0.064,3.093,6.951,0,0,379803524
"North America",1982,5263.63,-4.22,13.794,231488.605,1582.087,44.69,30.984,1100.885,2495.594,9,0.117,4.146,0.081,2.885,6.54,0,0,384900374
"North America",1983,5203.537,-1.14,13.457,236692.142,1650.677,45.557,26.04,1047.821,2423.54,10,0.118,4.269,0.067,2.71,6.267,0,0,390035392
"North America",1984,5461.844,4.96,13.939,242153.986,1765.433,49.118,24.05,1104.298,2508.382,11,0.125,4.506,0.061,2.818,6.402,0,0,395211695
"North America",1985,5465.18,0.06,13.766,247619.166,1797.268,49.53,24.109,1079.666,2504.191,10,0.125,4.527,0.061,2.72,6.308,0,0,400431899
"North America",1986,5450.086,-0.28,13.549,253069.252,1752.751,50.554,21.055,1018.934,2597.183,10,0.126,4.357,0.052,2.533,6.457,0,0,405701945
"North America",1987,5656.467,3.79,13.88,258725.719,1840.843,53.362,22.585,1066.128,2663.06,10,0.131,4.517,0.055,2.616,6.534,0,0,411023465
"North America",1988,5906.086,4.41,14.305,264631.806,1932.511,53.342,20.996,1119.503,2768.366,11,0.129,4.681,0.051,2.712,6.705,0,0,416389761
"North America",1989,6018.1,1.9,14.389,270649.906,1980.123,53.632,18.535,1170.738,2783.63,11,0.128,4.734,0.044,2.799,6.656,0,0,421790741
"North America",1990,5984.512,-0.56,14.126,276634.418,1957.887,54.372,57.801,1222.807,2664.334,27,0.128,4.621,0.136,2.886,6.289,0,-2,427517667
"North America",1991,5932.717,-0.87,13.827,282567.135,1948.18,52.197,57.573,1247.793,2600.055,27,0.122,4.54,0.134,2.908,6.06,0,-2,432663821
"North America",1992,6057.23,2.1,13.941,288624.366,1973.354,52.877,58.698,1290.184,2655.655,26,0.122,4.542,0.135,2.969,6.112,0,0,438123767
"North America",1993,6163.883,1.76,14.009,294788.248,2026.203,55.585,59.008,1322.542,2674.693,26,0.126,4.605,0.134,3.006,6.079,0,-1,443652234
"North America",1994,6288.26,2.02,14.111,301076.508,2044.334,59.479,59.804,1354.945,2742.213,27,0.134,4.588,0.134,3.041,6.154,0,-1,449318541
"North America",1995,6350.638,0.99,14.068,307427.146,2069.683,58.47,59.948,1410.599,2721.424,31,0.13,4.585,0.133,3.125,6.028,0,-2,455163076
"North America",1996,6576.288,3.55,14.376,314003.435,2156.417,59.821,65.097,1445.302,2817.974,32,0.131,4.714,0.142,3.159,6.16,0,-2,461221136
"North America",1997,6695.065,1.81,14.44,320698.5,2206.76,62.717,68.039,1455.815,2870.127,32,0.135,4.759,0.147,3.14,6.19,0,-1,467453761
"North America",1998,6765.938,1.06,14.398,327464.438,2242.057,64.444,66.507,1437.822,2922.612,32,0.137,4.771,0.142,3.06,6.219,0,1,473738721
"North America",1999,6861.782,1.42,14.413,334326.22,2247.663,66.236,61.016,1456.092,2998.391,32,0.139,4.721,0.128,3.059,6.298,0,2,479907387
"North America",2000,7107.692,3.58,14.746,341433.911,2337.879,68.712,61.666,1532.731,3077.043,30,0.143,4.85,0.128,3.18,6.384,0,3,486124198
"North America",2001,7014.631,-1.31,14.385,348448.543,2274.851,68.311,58.695,1476.931,3107.449,28,0.14,4.665,0.12,3.029,6.372,0,3,491771508
"North America",2002,7068.126,0.76,14.336,355516.669,2281.241,70.894,57.516,1534.912,3094.265,29,0.144,4.627,0.117,3.113,6.276,0,5,497173033
"North America",2003,7183.859,1.64,14.416,362700.528,2329.536,71.395,57.285,1517.517,3180.046,28,0.143,4.675,0.115,3.045,6.382,0,4,502448468
"North America",2004,7282.769,1.38,14.46,369983.297,2348.431,74.921,55.885,1525.893,3247.509,30,0.149,4.663,0.111,3.03,6.448,0,6,507773688
"North America",2005,7330.253,0.65,14.397,377313.55,2381.962,76.963,56.651,1512.224,3271.003,31,0.151,4.678,0.111,2.97,6.424,0,6,513270901
"North America",2006,7265.229,-0.89,14.111,384578.779,2351.846,79.352,59.558,1513.061,3228.408,33,0.154,4.568,0.116,2.939,6.27,0,7,518977613
"North America",2007,7376.089,1.53,14.165,391954.868,2377.403,79.642,65.296,1600.959,3220.611,32,0.153,4.566,0.125,3.074,6.185,0,6,524838651
"North America",2008,7158.262,-2.95,13.592,399113.13,2332.083,74.67,81.569,1611.255,3027.82,31,0.142,4.428,0.155,3.059,5.749,0,5,530772206
"North America",2009,6670.754,-6.81,12.526,405783.884,2043.969,59.76,74.341,1589.19,2876.454,27,0.112,3.838,0.14,2.984,5.401,0,5,536655895
"North America",2010,6875.767,3.07,12.773,412659.651,2164.487,61.435,67.735,1658.672,2890.856,33,0.114,4.021,0.126,3.081,5.37,0,5,542398372
"North America",2011,6771.608,-1.51,12.45,419431.259,2052.136,63.077,67.404,1700.8,2856.194,32,0.116,3.773,0.124,3.127,5.251,0,6,547977698
"North America",2012,6580.283,-2.83,11.978,426011.542,1820.263,67.576,67.18,1767.532,2825.092,33,0.123,3.313,0.122,3.217,5.142,0,7,553416150
"North America",2013,6714.924,2.05,12.106,432726.465,1877.114,67.187,73.976,1820.091,2843.346,33,0.121,3.384,0.133,3.281,5.126,0,6,558712190
"North America",2014,6753.943,0.58,12.063,439480.408,1867.9,71.263,82.657,1851.455,2846.079,35,0.127,3.336,0.148,3.307,5.083,0,5,563874425
"North America",2015,6612.704,-2.09,11.704,446093.112,1635.664,73.071,89.526,1899.522,2882.066,33,0.129,2.895,0.158,3.362,5.101,0,5,568911289
"North America",2016,6471.36,-2.14,11.353,452564.472,1509.631,70.858,80.851,1901.034,2878.801,30,0.124,2.648,0.142,3.335,5.05,0,5,573814461
"North America",2017,6412.982,-0.9,11.155,458977.453,1467.602,72.914,75.8,1874.524,2892.774,29,0.127,2.553,0.132,3.261,5.032,0,5,578582963
"North America",2018,6588.63,2.74,11.366,465566.083,1398.979,74.787,86.653,2057.367,2944.582,26,0.129,2.413,0.15,3.549,5.08,0,5,582921781
"North America",2019,6460.726,-1.94,11.056,472026.81,1214.329,76.925,100.457,2116.172,2927.459,25,0.132,2.078,0.172,3.621,5.01,0,5,587512621
"North America",2020,5775.159,-10.61,9.805,477801.968,965.43,76.87,100.457,2057.877,2549.14,25,0.13,1.639,0.171,3.494,4.328,0,0,592062319
"North America (excl. USA)",1975,649.93,3.09,5.086,15472.827,72.658,13.321,16.979,114.571,432.401,0,0.104,0.568,0.133,0.896,3.383,0,0,0
"North America (excl. USA)",1976,686.997,5.7,5.258,16159.824,70.931,13.825,17.752,127.921,456.568,0,0.106,0.543,0.136,0.979,3.494,0,0,0
"North America (excl. USA)",1977,701.63,2.13,5.256,16861.455,77.797,14.209,13.268,133.029,463.326,0,0.106,0.583,0.099,0.996,3.47,0,0,0
"North America (excl. USA)",1978,735.848,4.88,5.398,17597.303,85.557,15.139,16.352,143.697,475.102,0,0.111,0.628,0.12,1.054,3.485,0,0,0
"North America (excl. USA)",1979,784,6.54,5.634,18381.303,93.535,16.44,14.605,159.833,499.588,0,0.118,0.672,0.105,1.149,3.59,0,0,0
"North America (excl. USA)",1980,812.743,3.67,5.724,19194.046,92.098,16.522,16.898,163.094,524.131,0,0.116,0.649,0.119,1.149,3.691,0,0,0
"North America (excl. USA)",1981,809.348,-0.42,5.586,20003.394,92.582,16.898,18.783,164.002,517.084,0,0.117,0.639,0.13,1.132,3.569,0,0,0
"North America (excl. USA)",1982,816.55,0.89,5.526,20819.944,99.272,16.424,25.994,169.52,505.34,0,0.111,0.672,0.176,1.147,3.42,0,0,0
"North America (excl. USA)",1983,774.35,-5.17,5.14,21594.294,104.574,15.305,20.951,173.754,459.766,0,0.102,0.694,0.139,1.153,3.052,0,0,0
"North America (excl. USA)",1984,799.923,3.3,5.209,22394.217,113.936,16.406,18.261,181.515,469.805,0,0.107,0.742,0.119,1.182,3.059,0,0,0
"North America (excl. USA)",1985,812.797,1.61,5.193,23207.014,113.093,18.017,19.009,189.293,473.385,0,0.115,0.723,0.121,1.209,3.024,0,0,0
"North America (excl. USA)",1986,786.921,-3.18,4.934,23993.935,105.311,17.903,15.812,171.821,476.074,0,0.112,0.66,0.099,1.077,2.985,0,0,0
"North America (excl. USA)",1987,831.022,5.6,5.114,24824.957,111.661,20.589,15.953,176.25,506.57,0,0.127,0.687,0.098,1.085,3.118,0,0,0
"North America (excl. USA)",1988,855.819,2.98,5.171,25680.776,118.171,20.298,13.353,184.228,519.769,0,0.123,0.714,0.081,1.113,3.141,0,0,0
"North America (excl. USA)",1989,886.174,3.55,5.259,26566.949,120.432,20.573,10.94,199.448,534.781,0,0.122,0.715,0.065,1.184,3.174,0,0,0
"North America (excl. USA)",1990,871.057,-1.71,5.078,27438.007,115.901,20.888,16.045,189.134,525.979,3,0.122,0.676,0.094,1.103,3.066,0,-1,0
"North America (excl. USA)",1991,874.787,0.43,5.012,28312.793,120.541,19.461,16.436,191.106,523.985,3,0.112,0.691,0.094,1.095,3.002,0,0,0
"North America (excl. USA)",1992,889.75,1.71,5.013,29202.543,122.657,19.884,17.736,198.946,527.565,3,0.112,0.691,0.1,1.121,2.972,0,2,0
"North America (excl. USA)",1993,896.539,0.76,4.968,30099.082,117.956,20.747,18.188,203.522,533.197,3,0.115,0.654,0.101,1.128,2.955,0,0,0
"North America (excl. USA)",1994,929.436,3.67,5.068,31028.518,123.59,23.169,18.839,209.052,551.549,3,0.126,0.674,0.103,1.14,3.008,0,-1,0
"North America (excl. USA)",1995,929.136,-0.03,4.988,31957.654,127.381,21.395,20.537,216.055,540.558,3,0.115,0.684,0.11,1.16,2.902,0,-4,0
"North America (excl. USA)",1996,965.707,3.94,5.106,32923.361,132.359,22.512,27.065,230.231,550.323,3,0.119,0.7,0.143,1.217,2.91,0,-5,0
"North America (excl. USA)",1997,1008.6,4.44,5.255,33931.961,139.532,24.157,29.855,232.48,579.129,3,0.126,0.727,0.156,1.211,3.017,0,-1,0
"North America (excl. USA)",1998,1034.888,2.61,5.314,34966.849,147.081,24.983,30.644,237.06,591.765,3,0.128,0.755,0.157,1.217,3.039,0,0,0
"North America (excl. USA)",1999,1057.113,2.15,5.352,36023.962,147.346,25.998,25.182,251.377,603.954,3,0.132,0.746,0.128,1.273,3.058,0,-1,0
"North America (excl. USA)",2000,1097.183,3.79,5.478,37121.145,158.04,27.266,25.484,275.133,607.903,3,0.136,0.789,0.127,1.374,3.035,0,0,0
"North America (excl. USA)",2001,1109.75,1.15,5.466,38230.895,159.792,26.698,22.763,272.19,625.465,3,0.132,0.787,0.112,1.341,3.081,0,-2,0
"North America (excl. USA)",2002,1121.356,1.05,5.45,39352.251,161.919,27.73,20.944,290.146,617.694,3,0.135,0.787,0.102,1.41,3.002,0,0,0
"North America (excl. USA)",2003,1172.022,4.52,5.621,40524.272,170.959,28.046,20.855,306.402,642.837,3,0.134,0.82,0.1,1.47,3.083,0,-5,0
"North America (excl. USA)",2004,1168.762,-0.28,5.531,41693.035,158.1,29.035,19.061,308.271,651.224,3,0.137,0.748,0.09,1.459,3.082,0,-4,0
"North America (excl. USA)",2005,1195.731,2.31,5.583,42888.766,167.125,30.769,19.407,312.929,662.526,3,0.144,0.78,0.091,1.461,3.094,0,-1,0
"North America (excl. USA)",2006,1213.561,1.49,5.59,44102.327,168.734,32.501,21.735,330.144,657.515,3,0.15,0.777,0.1,1.521,3.029,0,-2,0
"North America (excl. USA)",2007,1245.084,2.6,5.656,45347.412,168.691,34.133,26.921,343.409,669.1,3,0.155,0.766,0.122,1.56,3.04,0,-2,0
"North America (excl. USA)",2008,1244.184,-0.07,5.575,46591.596,157.754,33.254,41.723,344.609,664.144,3,0.149,0.707,0.187,1.544,2.976,0,-2,0
"North America (excl. USA)",2009,1192.545,-4.15,5.271,47784.14,138.026,30.146,35.27,343.449,643.421,2,0.133,0.61,0.156,1.518,2.844,0,-1,0
"North America (excl. USA)",2010,1199.981,0.62,5.233,48984.121,151.183,29.986,26.392,349.84,640.352,2,0.131,0.659,0.115,1.526,2.793,0,3,0
"North America (excl. USA)",2011,1231.434,2.62,5.301,50215.555,148.582,30.868,21.861,373.272,654.447,2,0.133,0.64,0.094,1.607,2.817,0,-2,0
"North America (excl. USA)",2012,1241.584,0.82,5.276,51457.14,136.227,32.306,18.297,379.277,672.968,3,0.137,0.579,0.078,1.612,2.86,0,4,0
"North America (excl. USA)",2013,1240.667,-0.07,5.206,52697.807,136.281,30.818,19.328,392.585,659.221,2,0.129,0.572,0.081,1.648,2.766,0,4,0
"North America (excl. USA)",2014,1231.135,-0.77,5.104,53928.942,133.375,31.824,22.905,395.651,644.903,2,0.132,0.553,0.095,1.64,2.673,0,3,0
"North America (excl. USA)",2015,1240.934,0.8,5.083,55169.876,130.718,33.164,27.98,404.201,642.577,2,0.136,0.535,0.115,1.656,2.632,0,0,0
"North America (excl. USA)",2016,1223.336,-1.42,4.953,56393.211,129.887,31.419,28.943,398.558,632.277,2,0.127,0.526,0.117,1.614,2.56,0,-2,0
"North America (excl. USA)",2017,1205.231,-1.48,4.825,57598.442,128.936,32.59,19.613,394.465,627.448,2,0.13,0.516,0.078,1.579,2.512,0,-1,0
"North America (excl. USA)",2018,1213.139,0.66,4.803,58811.581,115.447,35.817,15.645,416.326,627.771,2,0.142,0.457,0.062,1.648,2.485,0,0,0
"North America (excl. USA)",2019,1204.91,-0.68,4.72,60016.491,115.475,36.029,15.947,421.277,614.087,2,0.141,0.452,0.062,1.65,2.405,0,-1,0
"North America (excl. USA)",2020,1062.388,-11.83,4.118,61078.879,76.78,36.075,15.947,402.888,528.603,2,0.14,0.298,0.062,1.562,2.049,0,0,0
"South America",1975,412.131,-1.1,1.916,7820.6,28.557,16.463,18.092,47.247,301.773,0,0.076,0.133,0.084,0.22,1.403,0,0,215134418
"South America",1976,419.568,1.8,1.907,8240.168,28.788,17.605,21.646,46.4,305.129,0,0.08,0.131,0.098,0.211,1.387,0,0,220007819
"South America",1977,435.041,3.69,1.934,8675.209,32.801,18.342,19.661,50.242,313.996,0,0.082,0.146,0.087,0.223,1.396,0,0,224983262
"South America",1978,461.426,6.06,2.006,9136.635,36.288,19.639,19.511,52.084,333.904,0,0.085,0.158,0.085,0.226,1.451,0,0,230061550
"South America",1979,494.425,7.15,2.102,9631.06,38.788,21.596,19.859,58.761,355.421,0,0.092,0.165,0.084,0.25,1.511,0,0,235240534
"South America",1980,508.467,2.84,2.114,10139.527,39.611,23.452,17.806,64.457,363.141,0,0.098,0.165,0.074,0.268,1.51,0,0,240515266
"South America",1981,489.334,-3.76,1.99,10628.861,39.15,23.086,15.217,64.832,347.05,0,0.094,0.159,0.062,0.264,1.411,0,0,245886786
"South America",1982,490.651,0.27,1.952,11119.512,39.523,22.351,15.128,70.135,343.514,0,0.089,0.157,0.06,0.279,1.367,0,0,251346385
"South America",1983,485.838,-0.98,1.891,11605.35,43.331,19.023,15.536,75.901,332.047,0,0.074,0.169,0.06,0.296,1.293,0,0,256866410
"South America",1984,491.927,1.25,1.875,12097.276,49.413,18.721,18.02,81.254,324.518,0,0.071,0.188,0.069,0.31,1.237,0,0,262410933
"South America",1985,502.054,2.06,1.874,12599.33,55.942,19.025,16.667,81.372,329.047,0,0.071,0.209,0.062,0.304,1.228,0,0,267951819
"South America",1986,530.17,5.6,1.939,13129.5,56.858,22.189,16.858,88.54,345.724,0,0.081,0.208,0.062,0.324,1.264,0,0,273476294
"South America",1987,557.53,5.16,1.998,13687.03,62.713,23.066,17.763,95.106,358.882,0,0.083,0.225,0.064,0.341,1.286,0,0,278983183
"South America",1988,580.554,4.13,2.041,14267.584,65.179,23.281,19.603,103.557,368.934,0,0.082,0.229,0.069,0.364,1.297,0,0,284470906
"South America",1989,580.184,-0.06,2.001,14847.768,68.64,21.72,17.789,103.584,368.45,0,0.075,0.237,0.061,0.357,1.271,0,0,289942198
"South America",1990,595.614,2.66,2.016,15443.382,66.519,21.318,23.899,107.281,372.908,4,0.072,0.225,0.081,0.363,1.262,0,1,295398177
"South America",1991,603.004,1.24,2.005,16046.385,68.307,23.048,22.727,111.879,373.288,4,0.077,0.227,0.076,0.372,1.241,0,2,300829462
"South America",1992,615.051,2,2.009,16661.437,67.412,21.706,23.332,90.156,408.498,4,0.071,0.22,0.076,0.294,1.334,0,4,306228628
"South America",1993,650.401,5.75,2.087,17311.837,69.061,23.051,27.857,104.214,421.976,4,0.074,0.222,0.089,0.334,1.354,0,3,311601582
"South America",1994,667.658,2.65,2.106,17979.496,72.209,24.517,30.278,117.393,419.162,4,0.077,0.228,0.096,0.37,1.322,0,2,316958269
"South America",1995,699.156,4.72,2.169,18678.652,75.141,26.413,29.575,134.738,429.185,4,0.082,0.233,0.092,0.418,1.332,0,3,322302316
"South America",1996,725.574,3.78,2.215,19404.226,77.874,28.564,25.082,149.804,440.003,4,0.087,0.238,0.077,0.457,1.343,0,3,327635132
"South America",1997,768.849,5.96,2.309,20173.075,82.109,31.291,24.315,160.997,465.799,4,0.094,0.247,0.073,0.484,1.399,0,5,332943537
"South America",1998,821.329,6.83,2.429,20994.404,82.876,32.437,17.322,178.522,506.031,4,0.096,0.245,0.051,0.528,1.496,0,5,338199117
"South America",1999,839.543,2.22,2.445,21833.947,78.707,31.303,14.864,185.121,525.196,4,0.091,0.229,0.043,0.539,1.53,0,-5,343364515
"South America",2000,821.39,-2.16,2.358,22655.336,79.037,31.027,26.247,170.296,509.775,5,0.089,0.227,0.075,0.489,1.463,0,-6,348411890
"South America",2001,832.246,1.32,2.355,23487.583,72.54,29.918,23.937,179.669,521.372,5,0.085,0.205,0.068,0.508,1.476,0,-6,353333490
"South America",2002,847.148,1.79,2.366,24334.73,71.3,27.622,26.328,178.604,538.338,5,0.077,0.199,0.074,0.499,1.503,0,-14,358133213
"South America",2003,858.232,1.31,2.366,25192.963,76.5,27.61,26.628,184.584,537.847,5,0.076,0.211,0.073,0.509,1.482,0,-11,362809670
"South America",2004,867.759,1.11,2.362,26060.722,76.847,27.439,29.406,208.092,520.471,6,0.075,0.209,0.08,0.566,1.417,0,-10,367365342
"South America",2005,902.003,3.95,2.426,26962.725,78.26,30.41,38.13,211.319,538.528,5,0.082,0.21,0.103,0.568,1.448,0,-8,371804635
"South America",2006,912.73,1.19,2.427,27875.455,80.117,34.762,26.728,209.033,556.679,5,0.092,0.213,0.071,0.556,1.48,0,-7,376122783
"South America",2007,940.749,3.07,2.474,28816.203,83.729,36.155,31.8,211.141,572.257,6,0.095,0.22,0.084,0.555,1.505,0,-3,380325055
"South America",2008,1007.52,7.1,2.621,29823.724,90.6,38.344,41.486,222.37,609.031,6,0.1,0.236,0.108,0.578,1.584,0,1,384439475
"South America",2009,991.952,-1.55,2.553,30815.676,75.971,38.052,51.218,215.28,606.37,5,0.098,0.196,0.132,0.554,1.561,0,1,388503344
"South America",2010,1082.415,9.12,2.758,31898.091,94.736,40.34,46.871,241.913,652.605,6,0.103,0.241,0.119,0.616,1.662,0,3,392543695
"South America",2011,1103.963,1.99,2.784,33002.055,105.565,43.338,43.209,244.696,660.818,6,0.109,0.266,0.109,0.617,1.666,0,5,396571751
"South America",2012,1159.7,5.05,2.895,34161.754,104.751,46.479,49.73,262.721,689.615,6,0.116,0.262,0.124,0.656,1.722,0,6,400581563
"South America",2013,1218.74,5.09,3.012,35380.494,117.824,49.248,47.716,267.092,730.374,6,0.122,0.291,0.118,0.66,1.805,0,6,404561948
"South America",2014,1230.511,0.97,3.012,36611.006,120.825,49.797,51.52,279.008,723.083,6,0.122,0.296,0.126,0.683,1.77,0,7,408493800
"South America",2015,1204.961,-2.08,2.922,37815.967,124.853,48.572,54.508,278.762,691.874,6,0.118,0.303,0.132,0.676,1.678,0,7,412362689
"South America",2016,1164.898,-3.32,2.799,38980.865,118.252,44.571,56.23,274.628,664.824,6,0.107,0.284,0.135,0.66,1.598,0,6,416164871
"South America",2017,1156.734,-0.7,2.755,40137.599,117.181,43.588,55.115,272.713,661.744,6,0.104,0.279,0.131,0.65,1.576,0,7,419903920
"South America",2018,1091.45,-5.64,2.577,41229.049,113.132,42.815,50.955,264.501,613.655,6,0.101,0.267,0.12,0.624,1.449,0,8,423581098
"South America",2019,1065.51,-2.38,2.494,42294.558,110.108,42.923,50.954,254.134,600.998,6,0.1,0.258,0.119,0.595,1.407,0,7,427199425
"South America",2020,994.16,-6.7,2.308,43288.719,107.338,43.644,50.954,229.33,556.503,6,0.101,0.249,0.118,0.532,1.292,0,0,430759771
"International transport",1975,447.241,-8.47,0,7877.274,0,0,0,0,447.241,0,0,0,0,0,0,0,0,0
"International transport",1976,438.674,-1.92,0,8315.948,0,0,0,0,438.674,0,0,0,0,0,0,0,0,0
"International transport",1977,448.927,2.34,0,8764.875,0,0,0,0,448.927,0,0,0,0,0,0,0,0,0
"International transport",1978,455.683,1.51,0,9220.558,0,0,0,0,455.683,0,0,0,0,0,0,0,0,0
"International transport",1979,457.355,0.37,0,9677.913,0,0,0,0,457.355,0,0,0,0,0,0,0,0,0
"International transport",1980,446.385,-2.4,0,10124.298,0,0,0,0,446.385,0,0,0,0,0,0,0,0,0
"International transport",1981,412.114,-7.68,0,10536.412,0,0,0,0,412.114,0,0,0,0,0,0,0,0,0
"International transport",1982,373.141,-9.46,0,10909.554,0,0,0,0,373.141,0,0,0,0,0,0,0,0,0
"International transport",1983,358.265,-3.99,0,11267.819,0,0,0,0,358.265,0,0,0,0,0,0,0,0,0
"International transport",1984,359.581,0.37,0,11627.4,0,0,0,0,359.581,0,0,0,0,0,0,0,0,0
"International transport",1985,367.289,2.14,0,11994.689,0,0,0,0,367.289,0,0,0,0,0,0,0,0,0
"International transport",1986,393.529,7.14,0,12388.218,0,0,0,0,393.529,0,0,0,0,0,0,0,0,0
"International transport",1987,527.548,34.06,0,12915.766,0,0,0,0,527.548,0,0,0,0,0,0,0,0,0
"International transport",1988,545.602,3.42,0,13461.367,0,0,0,0,545.602,0,0,0,0,0,0,0,0,0
"International transport",1989,565.264,3.6,0,14026.632,0,0,0,0,565.264,0,0,0,0,0,0,0,0,0
"International transport",1990,557.91,-1.3,0,14584.541,0,0,0,0,557.91,0,0,0,0,0,0,0,0,0
"International transport",1991,550.602,-1.31,0,15135.144,0,0,0,0,550.602,0,0,0,0,0,0,0,0,0
"International transport",1992,559.748,1.66,0,15694.892,0,0,0,0,559.748,0,0,0,0,0,0,0,0,0
"International transport",1993,562.453,0.48,0,16257.346,0,0,0,0,562.453,0,0,0,0,0,0,0,0,0
"International transport",1994,589.486,4.81,0,16846.831,0,0,0,0,589.486,0,0,0,0,0,0,0,0,0
"International transport",1995,622.759,5.64,0,17469.59,0,0,0,0,622.759,0,0,0,0,0,0,0,0,0
"International transport",1996,673.978,8.22,0,18143.568,0,0,0,0,673.978,0,0,0,0,0,0,0,0,0
"International transport",1997,709.382,5.25,0,18852.95,0,0,0,0,709.382,0,0,0,0,0,0,0,0,0
"International transport",1998,751.715,5.97,0,19604.665,0,0,0,0,751.715,0,0,0,0,0,0,0,0,0
"International transport",1999,776.287,3.27,0,20380.952,0,0,0,0,776.287,0,0,0,0,0,0,0,0,0
"International transport",2000,786.862,1.36,0,21167.814,0,0,0,0,786.862,0,0,0,0,0,0,0,0,0
"International transport",2001,781.931,-0.63,0,21949.745,0,0,0,0,781.931,0,0,0,0,0,0,0,0,0
"International transport",2002,799.697,2.27,0,22749.442,0,0,0,0,799.697,0,0,0,0,0,0,0,0,0
"International transport",2003,834.217,4.32,0,23583.659,0,0,0,0,834.217,0,0,0,0,0,0,0,0,0
"International transport",2004,906.605,8.68,0,24490.265,0,0,0,0,906.605,0,0,0,0,0,0,0,0,0
"International transport",2005,945.11,4.25,0,25435.375,0,0,0,0,945.11,0,0,0,0,0,0,0,0,0
"International transport",2006,997.659,5.56,0,26433.033,0,0,0,0,997.659,0,0,0,0,0,0,0,0,0
"International transport",2007,1055.405,5.79,0,27488.439,0,0,0,0,1055.405,0,0,0,0,0,0,0,0,0
"International transport",2008,1068.476,1.24,0,28556.915,0,0,0,0,1068.476,0,0,0,0,0,0,0,0,0
"International transport",2009,1022.624,-4.29,0,29579.539,0,0,0,0,1022.624,0,0,0,0,0,0,0,0,0
"International transport",2010,1086.42,6.24,0,30665.959,0,0,0,0,1086.42,0,0,0,0,0,0,0,0,0
"International transport",2011,1111.962,2.35,0,31777.921,0,0,0,0,1111.962,0,0,0,0,0,0,0,0,0
"International transport",2012,1101.737,-0.92,0,32879.658,0,0,0,0,1101.737,0,0,0,0,0,0,0,0,0
"International transport",2013,1118.095,1.48,0,33997.753,0,0,0,0,1118.095,0,0,0,0,0,0,0,0,0
"International transport",2014,1128.692,0.95,0,35126.445,0,0,0,0,1128.692,0,0,0,0,0,0,0,0,0
"International transport",2015,1171.701,3.81,0,36298.146,0,0,0,0,1171.701,0,0,0,0,0,0,0,0,0
"International transport",2016,1185.328,1.16,0,37483.474,0,0,0,0,1185.328,0,0,0,0,0,0,0,0,0
"International transport",2017,1231.804,3.92,0,38715.278,0,0,0,0,1231.804,0,0,0,0,0,0,0,0,0
"International transport",2018,1265.263,2.72,0,39980.541,0,0,0,0,1265.263,0,0,0,0,0,0,0,0,0
"International transport",2019,1257.767,-0.59,0,41238.308,0,0,0,0,1257.767,0,0,0,0,0,0,0,0,0
"International transport",2020,1004.233,-20.16,0,42242.54,0,0,0,0,1004.233,0,0,0,0,0,0,0,0,0
"Kuwaiti Oil Fires",1991,477.925,0,0,477.925,0,0,26.82,0,451.104,0,0,0,0,0,0,0,0,0
"Kuwaiti Oil Fires",1992,0,0,0,0,0,0,0,0,0,0,0,0,0,0,0,0,0,0
"Kuwaiti Oil Fires",1993,0,0,0,0,0,0,0,0,0,0,0,0,0,0,0,0,0,0
"Kuwaiti Oil Fires",1994,0,0,0,0,0,0,0,0,0,0,0,0,0,0,0,0,0,0
"Kuwaiti Oil Fires",1995,0,0,0,0,0,0,0,0,0,0,0,0,0,0,0,0,0,0
"Kuwaiti Oil Fires",1996,0,0,0,0,0,0,0,0,0,0,0,0,0,0,0,0,0,0
"Kuwaiti Oil Fires",1997,0,0,0,0,0,0,0,0,0,0,0,0,0,0,0,0,0,0
"Kuwaiti Oil Fires",1998,0,0,0,0,0,0,0,0,0,0,0,0,0,0,0,0,0,0
"Kuwaiti Oil Fires",1999,0,0,0,0,0,0,0,0,0,0,0,0,0,0,0,0,0,0
"Kuwaiti Oil Fires",2000,0,0,0,0,0,0,0,0,0,0,0,0,0,0,0,0,0,0
"Kuwaiti Oil Fires",2001,0,0,0,0,0,0,0,0,0,0,0,0,0,0,0,0,0,0
"Kuwaiti Oil Fires",2002,0,0,0,0,0,0,0,0,0,0,0,0,0,0,0,0,0,0
"Kuwaiti Oil Fires",2003,0,0,0,0,0,0,0,0,0,0,0,0,0,0,0,0,0,0
"Kuwaiti Oil Fires",2004,0,0,0,0,0,0,0,0,0,0,0,0,0,0,0,0,0,0
"Kuwaiti Oil Fires",2005,0,0,0,0,0,0,0,0,0,0,0,0,0,0,0,0,0,0
"Kuwaiti Oil Fires",2006,0,0,0,0,0,0,0,0,0,0,0,0,0,0,0,0,0,0
"Kuwaiti Oil Fires",2007,0,0,0,0,0,0,0,0,0,0,0,0,0,0,0,0,0,0
"Kuwaiti Oil Fires",2008,0,0,0,0,0,0,0,0,0,0,0,0,0,0,0,0,0,0
"Kuwaiti Oil Fires",2009,0,0,0,0,0,0,0,0,0,0,0,0,0,0,0,0,0,0
"Kuwaiti Oil Fires",2010,0,0,0,0,0,0,0,0,0,0,0,0,0,0,0,0,0,0
"Kuwaiti Oil Fires",2011,0,0,0,0,0,0,0,0,0,0,0,0,0,0,0,0,0,0
"Kuwaiti Oil Fires",2012,0,0,0,0,0,0,0,0,0,0,0,0,0,0,0,0,0,0
"Kuwaiti Oil Fires",2013,0,0,0,0,0,0,0,0,0,0,0,0,0,0,0,0,0,0
"Kuwaiti Oil Fires",2014,0,0,0,0,0,0,0,0,0,0,0,0,0,0,0,0,0,0
"Kuwaiti Oil Fires",2015,0,0,0,0,0,0,0,0,0,0,0,0,0,0,0,0,0,0
"Kuwaiti Oil Fires",2016,0,0,0,0,0,0,0,0,0,0,0,0,0,0,0,0,0,0
"Kuwaiti Oil Fires",2017,0,0,0,0,0,0,0,0,0,0,0,0,0,0,0,0,0,0
"Kuwaiti Oil Fires",2018,0,0,0,0,0,0,0,0,0,0,0,0,0,0,0,0,0,0
"Kuwaiti Oil Fires",2019,0,0,0,0,0,0,0,0,0,0,0,0,0,0,0,0,0,0
"Kuwaiti Oil Fires",2020,0,0,0,0,0,0,0,0,0,0,0,0,0,0,0,0,0,0
Oceania,1975,199.435,1.37,9.291,4701.117,92.509,3.1,0.066,8.973,94.787,0,0.144,4.31,0.003,0.418,4.416,0,0,21710275
Oceania,1976,198.481,-0.48,9.119,4899.598,94.473,3.08,0.128,10.944,89.856,0,0.142,4.34,0.006,0.503,4.128,0,0,22015367
Oceania,1977,213.266,7.45,9.672,5112.864,101.695,3.022,0.172,13.784,94.593,0,0.137,4.612,0.008,0.625,4.29,0,0,22305397
Oceania,1978,224.62,5.32,10.059,5337.484,108.624,2.959,0.088,16.492,96.457,0,0.132,4.864,0.004,0.739,4.32,0,0,22592024
Oceania,1979,226.513,0.84,10.013,5563.997,111.375,3.064,0.172,17.294,94.608,0,0.136,4.923,0.008,0.764,4.182,0,0,22890508
Oceania,1980,243.555,7.52,10.62,5807.552,122.368,3.116,0.381,19.492,98.197,0,0.136,5.336,0.017,0.85,4.282,0,0,23212084
Oceania,1981,252.122,3.52,10.833,6059.675,125.389,3.52,0.077,22.523,100.613,0,0.151,5.388,0.003,0.968,4.323,0,0,23560987
Oceania,1982,257.191,2.01,10.881,6316.866,127.716,3.328,0.103,26.392,99.653,0,0.141,5.403,0.004,1.116,4.216,0,0,23934628
Oceania,1983,247.75,-3.67,10.314,6564.616,126.91,2.885,0.539,26.982,90.435,0,0.12,5.283,0.022,1.123,3.765,0,0,24328845
Oceania,1984,260.634,5.2,10.675,6825.25,132.531,3.227,0.337,29.645,94.894,0,0.132,5.428,0.014,1.214,3.887,0,0,24736218
Oceania,1985,268.324,2.95,10.811,7093.574,140.219,3.524,0.352,37.017,87.213,0,0.142,5.65,0.014,1.492,3.514,0,0,25151041
Oceania,1986,268.056,-0.1,10.625,7361.631,138.456,3.497,0.319,36.33,89.455,0,0.139,5.488,0.013,1.44,3.546,0,0,25572659
Oceania,1987,285.61,6.55,11.137,7647.241,151.963,3.449,0.256,36.886,93.056,0,0.134,5.926,0.01,1.438,3.629,0,0,26001723
Oceania,1988,291.932,2.21,11.2,7939.173,155.915,3.667,0.348,38.367,93.635,0,0.141,5.982,0.013,1.472,3.592,0,0,26434887
Oceania,1989,308.604,5.71,11.651,8247.778,166.568,3.877,0.535,39.243,98.381,0,0.146,6.289,0.02,1.482,3.714,0,0,26868220
Oceania,1990,310.806,0.71,11.547,8558.584,147.652,3.985,7.764,41.963,106.715,3,0.148,5.486,0.288,1.559,3.965,0,-12,27298693
Oceania,1991,314.08,1.05,11.491,8872.664,152.328,3.716,7.614,41.233,106.417,3,0.136,5.573,0.279,1.508,3.893,0,-13,27725243
Oceania,1992,320.397,2.01,11.526,9193.062,156.304,3.49,7.89,42.779,106.97,3,0.126,5.623,0.284,1.539,3.848,0,-13,28147954
Oceania,1993,325.284,1.53,11.531,9518.345,156.735,3.589,7.716,44.309,109.729,3,0.127,5.556,0.274,1.571,3.89,0,-14,28566202
Oceania,1994,334.357,2.79,11.683,9852.702,159.885,4.132,7.571,45.65,113.428,4,0.144,5.587,0.264,1.595,3.964,0,-13,28979990
Oceania,1995,342.43,2.41,11.799,10195.132,162.44,4.007,7.631,47.476,117.261,4,0.138,5.597,0.263,1.636,4.04,0,-13,29389629
Oceania,1996,352.295,2.88,11.974,10547.427,167.976,3.875,7.524,48.693,120.518,4,0.132,5.709,0.256,1.655,4.096,0,-13,29796471
Oceania,1997,365.059,3.62,12.241,10912.486,176.541,3.864,7.544,51.402,121.662,4,0.13,5.92,0.253,1.724,4.08,0,-13,30201872
Oceania,1998,375.523,2.87,12.426,11288.009,184.947,4.049,7.701,52.323,122.24,4,0.134,6.12,0.255,1.731,4.045,0,-12,30607344
Oceania,1999,384.92,2.5,12.569,11672.929,189.835,4.122,7.846,55.33,123.283,5,0.135,6.199,0.256,1.807,4.026,0,-14,31014222
Oceania,2000,391.481,1.7,12.616,12064.41,192.046,4.253,8.596,56.599,125.746,4,0.137,6.189,0.277,1.824,4.052,0,-17,31425087
Oceania,2001,402.803,2.89,12.811,12467.213,197.95,4.184,8.869,60.492,126.9,4,0.133,6.296,0.282,1.924,4.036,0,-18,31837552
Oceania,2002,410.291,1.86,12.879,12877.504,200.249,4.177,8.725,61.493,130.825,5,0.131,6.286,0.274,1.93,4.107,0,-13,32254898
Oceania,2003,419.067,2.14,12.977,13296.571,206.048,4.244,7.847,58.963,137.175,5,0.131,6.381,0.243,1.826,4.248,0,-11,32691407
Oceania,2004,432.907,3.3,13.211,13729.478,213.026,4.172,7.794,60.577,142.533,5,0.127,6.501,0.238,1.849,4.35,0,-11,33165766
Oceania,2005,435.364,0.57,13.077,14164.842,211.037,4.358,7.857,62.547,144.739,5,0.131,6.339,0.236,1.879,4.347,0,-12,33690212
Oceania,2006,444.998,2.21,13.136,14609.84,216.463,4.584,8.097,64.453,146.706,5,0.135,6.39,0.239,1.903,4.331,0,-10,34271072
Oceania,2007,450.773,1.3,13.063,15060.613,212.067,4.784,8.567,70.063,150.353,5,0.139,6.145,0.248,2.03,4.357,0,-8,34900926
Oceania,2008,457.879,1.58,13.018,15518.492,216.341,4.661,8.821,70.814,152.305,5,0.132,6.151,0.251,2.013,4.33,0,-11,35561162
Oceania,2009,447.03,-2.37,12.474,15965.523,210.183,4.456,9.221,70.136,148.46,5,0.124,5.865,0.257,1.957,4.142,0,-6,36225138
Oceania,2010,451.057,0.9,12.362,16416.58,206.919,4.224,9.684,72.975,152.446,5,0.116,5.671,0.265,2,4.178,0,-7,36873069
Oceania,2011,451.766,0.16,12.173,16868.346,199.54,4.157,9.364,74.781,159.04,5,0.112,5.377,0.252,2.015,4.285,0,-5,37498324
Oceania,2012,450.53,-0.27,11.945,17318.876,195.621,4.16,9.497,75.786,160.813,5,0.11,5.187,0.252,2.009,4.264,0,0,38104732
Oceania,2013,440.883,-2.14,11.51,17759.758,181.5,3.956,9.836,77.418,163.914,4,0.103,4.738,0.257,2.021,4.279,0,-3,38695742
Oceania,2014,449.081,1.86,11.549,18208.839,177.623,3.911,10.655,81.914,170.113,5,0.101,4.568,0.274,2.106,4.375,0,-3,39278630
Oceania,2015,453.845,1.06,11.501,18662.684,182.309,3.831,12.254,81.604,169.01,5,0.097,4.62,0.31,2.068,4.283,0,-4,39858693
Oceania,2016,465.567,2.58,11.628,19128.251,188.614,3.579,13.832,84.682,170.142,5,0.089,4.711,0.346,2.115,4.25,0,-8,40435631
Oceania,2017,465.857,0.06,11.473,19594.109,184.382,3.557,16.067,85.833,171.431,5,0.088,4.541,0.396,2.114,4.222,0,-8,41006479
Oceania,2018,467.556,0.36,11.358,20061.665,177.791,3.452,18.026,88.591,175.092,5,0.084,4.319,0.438,2.152,4.253,0,-11,41570823
Oceania,2019,471.016,0.74,11.29,20532.68,175.84,3.523,21.123,90.993,174.931,5,0.084,4.215,0.506,2.181,4.193,0,-12,42128048
Oceania,2020,444.397,-5.65,10.514,20977.078,171.301,3.523,21.362,89.064,154.496,5,0.083,4.053,0.505,2.107,3.655,0,0,42677809
